9713,511
9778,511
1789,511
10245,276
2080,1133
10245,1298
9397,397
8987,1289
8987,5901
8987,7371
9325,291
9325,5223
8987,2031
3085,877
3085,3710
1217,397
1246,397
1603,8873
1603,1038
1603,1038
1603,8873
5627,711
7945,1118
7945,7283
3145,308
6042,729
8033,1046
10172,1046
4827,2200
4827,2198
7185,1046
1186,1918
1186,3398
1186,8779
1046,897
1046,1044
1046,8650
4921,489
4921,6094
7424,1186
7424,4018
2262,1522
2262,1989
2262,1830
3710,1989
1700,1336
6292,427
6292,427
2331,427
6292,1046
1276,469
7710,469
11051,469
11051,469
4127,469
2744,1046
2091,469
2782,469
13840,971
3387,971
6230,9721
3558,395
7871,511
1416,511
918,511
3585,9713
3585,6352
823,9713
3022,949
9646,949
9646,3812
3022,1802
2132,953
4880,3172
4880,1610
9713,446
9713,694
9713,3649
9713,446
672,1802
4944,282
7047,1198
7047,3758
7001,446
7233,282
6882,826
3527,1802
7001,446
1513,521
1513,3812
7090,446
9936,287
9936,287
3795,287
1398,446
4684,559
7285,1106
7285,7958
7090,446
8017,953
6686,953
6686,953
5205,911
5205,1487
2351,2432
2351,359
8017,953
6219,1515
2417,1314
3933,3520
10109,3787
7975,2432
2351,953
10109,3787
5140,953
3765,953
2577,305
6764,782
3941,518
3062,4276
3062,1365
13213,3015
8062,2713
8062,7930
5279,334
1172,5226
1584,698
1584,7560
1584,3508
1584,4324
1584,2559
7498,7545
7989,1872
4052,9225
4689,5400
3199,2154
1505,3606
7931,5400
949,10419
1273,1136
6597,8678
1247,9920
4797,8327
5031,9908
1578,390
3258,8702
6824,3222
6824,8702
8179,9573
6824,3222
6824,8702
6128,7684
6824,8702
6824,3222
6607,2829
6724,10345
1310,4256
2621,4909
7370,4582
6167,6955
431,5034
493,3670
1241,2838
6167,6955
1972,6815
2047,1967
2060,4341
4826,2496
8112,5830
5272,8310
7353,4993
1761,1724
2587,820
899,2906
10358,567
8409, ISLAMIC REPUBLIC OF (IR)
6269,9629
10115,4681
6749,5292
2973,10463
4133,1421
10172,276
10172,4221
10172,4958
1343,291
1343,2574
1343,2966
9936,277
9936,546
9936,1934
2744,1046
2744,897
2744,1044
854,1046
1513,521
1513,694
1513,3812
4168,3418
8508,305
1584,2823
1584,3351
1584,4324
5461,9303
6310,6179
10015,2525
9695,9303
4509,6444
8714,6178
2046,1967
714,1724
5128,2906
8916,5292
2675,10463
4431,639
4431,7015
639,500
4895,320
1292,500
1577,390
1577,390
1969,2195
1577,390
6773,492
639,492
639,10012
639,492
639,10012
7248,349
2624,311
7917,349
7917,349
7917,349
8025,349
350,2085
350,2085
10020,311
10020,311
10020,311
9111,670
7827,349
7501,311
7337,311
10148,311
10148,5508
7165,3838
7165,3838
6210,2194
3856,3838
8928,3838
4134,3838
3869,614
3869,407
3869,3230
4392,614
7488,1991
4963,862
7025,651
9074,474
6148,488
8400,567
1709,371
7688,1182
8487,458
8388,550
8388,6635
3465,318
10043,318
10172,5373
1343,877
9936,3795
9936,6292
2744,8650
8086,1046
1513,5302
5263,3418
6849,305
1307,9303
1916,6179
6327,2525
3798,9303
7768,6444
1571,1967
6409,1724
10250,2906
4027,5292
5184,10463
3872,639
3872,7015
9963,500
10012,500
10012,639
639,492
639,10012
2276,492
6343,492
5723,349
8025,349
1800,2085
9954,311
10148,311
3869,311
3869,7418
3450,311
7501,311
7281,3838
2247,2194
5525,614
10213,651
4638,474
3342,318
1343,5223
1343,7136
1343,10065
2744,1046
5425,9303
922,9303
9052,6444
6852,1967
9648,500
2276,492
6343,492
6343,5125
1665,349
5723,349
5723,1233
2701,311
8871,311
8871,7501
10198,311
8871,311
7870,3838
5087,614
2440,651
8125,474
6496,318
1343,1989
1343,2583
1343,2889
7185,1046
3798,9303
554,9303
8365,6444
3845,1967
6343,492
6343,5125
8025,349
4750,349
9260,311
7170,311
7555,651
1167,474
1343,3580
1343,6487
2841,9303
9995,6444
7917,349
4622,311
9523,311
9523,7501
5389,311
4927,651
579,474
7992,349
4488,311
2720,311
5232,311
8299,651
2891,349
5232,311
3593,311
8775,651
5353,349
415,311
1376,311
9532,651
5174,474
2667,349
8318,311
3970,311
6737,651
4368,474
4750,349
5315,311
8318,311
5809,651
6193,349
4156,311
8498,311
5769,651
9049,349
4346,311
8108,311
6268,651
9102,349
4633,311
3255,311
9118,349
2414,311
304,311
7653,349
5123,311
4594,311
9508,349
304,311
2000,311
6185,349
1496,311
7381,311
3348,349
364,311
5771,311
9613,349
9456,311
4856,311
5355,349
550,311
6394,311
9115,349
7052,311
5251,311
9347,349
4370,311
640,311
2920,349
10259,311
713,311
9097,349
1816,311
5333,311
9113,349
3181,311
3965,311
9120,349
8324,311
3925,311
734,349
885,311
7517,311
9107,349
10230,311
7887,311
9116,349
10280,311
9345,311
6037,311
1257,311
1938,311
14029,311
9180,311
6514,311
8772,311
6338,311
10148,311
4532,311
8900,511
8900,511
9778,511
7473,877
7473,1722
7473,3710
1217,1084
5373,1133
5670,2031
1069,5901
1069,877
1069,3710
3607,1298
3607,5901
8006,10454
9713,2773
9713,3380
5545,2114
5331,397
5533,397
6243,1276
6243,9807
1603,1038
1603,8873
4827,1118
4827,4930
5627,1118
6901,729
6901,6292
6901,10300
9807,1118
3587,546
1603,2394
1603,3795
7707,1336
3306,1918
8086,1046
3167,1918
3167,3398
3167,8779
7707,1336
10392,489
10392,6094
6292,8661
6292,2170
6292,1255
1460,1830
7599,1989
3804,1336
2115,427
2115,4615
9301,1697
9301,427
9807,427
613,2955
11051,469
2142,1057
3765,561
7710,469
7710,469
7710,469
1186,1057
3787,1209
3765,1057
1918,1057
1227,971
2916,971
5673,561
1845,511
1845,9563
3517,511
1416,511
5554,9713
5554,6352
5554,7552
2824,9713
4977,3649
5144,949
5144,6171
9234,2031
1416,1038
1416,2873
9234,2031
10291,1802
4880,1038
4880,8311
1416,1038
1416,2873
2684,1802
511,6456
511,1276
511,2142
1905,1238
7090,446
1802,3737
2830,1802
6882,826
9706,1802
3758,559
7828,446
1513,521
1513,3812
1552,446
6761,287
1552,446
3938,707
3938,3895
8915,1150
8915,2849
10173,521
9021,1106
7285,7958
7285,1106
7285,1106
7285,7958
6686,953
4880,521
766,1026
766,8003
1515,3531
7107,3143
305,3531
2605,4482
10109,3787
10109,3787
6239,1853
4738,4977
3787,1853
1345,1853
7541,953
8494,305
2004,953
3787,1853
1172,5226
7003,10135
6345,7545
1068,7545
7244,7217
1349,1872
7390,4041
7390,4789
5121,5634
8098,5400
2103,10370
9231,5801
4425,2531
5876,1537
781,6507
9995,2524
5955,2348
3947,4256
6768,1327
7954,2992
3529,9418
7831,4290
1352,4673
7182,4993
9620,4909
951,3388
10326,2838
10326,4666
8116,9496
10184,8566
1356,1449
957,9669
4430,2625
627,5938
795,2906
8480,1632
9679,8822
3161,9971
423,4582
1726,4029
4433,5239
6341,625
7839,1797
2675,7836
10460,4029
2751,4387
4133,5309
6243,7283
6243,2728
8033,1046
8033,897
8033,1044
1513,521
1513,5302
8955,5634
5193,3444
752,6898
2018,1258
7477,3694
2983,9990
9412,4537
1415,3157
1009,2348
1009,2348
9446,9418
9578,4673
7906,1449
664,9669
9219,2625
6936,2906
1103,4582
6810,5239
8770,7836
4620,981
1785,639
9648,500
9866,639
9866,2387
9353,639
9792,639
7720,639
7720,7393
9188,500
9188,639
4184,482
4750,697
4750,6802
3884,697
3884,7720
4750,697
4750,697
9254,449
5508,337
5508,10372
5259,367
2276,492
6702,1233
7299,859
9190,1292
9190,5214
4750,349
10012,316
10012,4312
4822,326
4822,326
1651,862
10329,862
7492,316
9181,470
9181,470
10148,311
8849,393
5452,390
8849,393
6155,475
3723,675
4954,6319
3723,675
9672,862
7778,4300
4963,1797
5022,862
759,2202
7824,2202
2880,390
7153,1425
5632,1123
4566,1425
3638,550
651,620
6243,1118
6243,8661
8033,8650
1513,694
1513,3812
2450,3444
5975,6898
5752,1258
1204,3694
6313,9990
10077,4537
8296,3157
5716,2348
3185,1449
2793,2625
601,4582
9353,639
6343,639
6343,639
9866,639
5125,639
5125,7393
5125,6368
7015,697
2377,449
5723,1233
5723,349
4004,311
6210,393
985,675
7382,862
8104,390
10277,1425
5468,1123
6735,550
4512,620
3494,3444
1412,6898
4931,1258
3001,3694
1299,1449
1440,4582
1292,639
1292,500
4326,639
4326,9866
3872,639
3872,500
6629,639
4963,500
4963,639
9866,697
6998,449
7501,311
7501,9173
2303,393
8623,862
6203,1425
369,1123
6611,1425
11447,620
5643,6898
1169,1258
9489,3694
7370,4582
10146,639
10146,9173
9353,639
10012,639
10012,500
7072,449
6251,311
1979,393
2160,862
6866,1123
9545,1425
6273,6898
9219,4582
6343,639
9866,639
4346,311
8875,393
7428,862
6484,1123
6464,1425
4693,6898
8385,4582
9078,639
1797,862
8328,1123
10357,1425
4690,6898
1936,862
1240,1123
10193,1425
10193,6398
8956,6898
10320,862
4584,1425
587,1123
2319,1425
5125,862
5125,3505
2256,1425
8803,1123
9156,862
589,1123
10185,1425
8117,1123
1266,1425
9909,1425
4339,1425
4663,1425
2591,1425
8244,1425
399,1425
6438,1425
9463,1425
3337,1425
949,802
9563,511
4225,511
8900,1289
7283,1133
7283,1133
4827,2583
1789,877
1789,3710
9713,2773
9713,3380
1069,877
1069,3710
1069,7313
2080,2773
2080,3380
9978,2412
9978,4701
5533,397
3085,877
3085,3710
7707,1276
7707,11051
7185,1038
7185,8873
4165,2325
10170,1118
10170,7283
9807,1118
3145,1544
7707,546
7707,6292
9807,3167
6650,2325
1172,1989
4827,2200
4827,2198
4631,1918
4827,2200
6956,1046
2394,1830
5010,2170
3911,1336
5829,427
5829,4615
6292,427
2200,2955
7710,469
2091,1336
2117,1336
8853,971
6741,1057
8473,1336
3167,1186
9298,1057
5176,UNITED STATES (US)
8029,971
7185,511
7185,9563
4195,511
1845,511
2132,949
6694,9713
5578,3649
7552,2031
7552,7707
3517,1038
3517,2873
5373,2061
5373,2412
5373,4701
2132,2051
6909,2213
3517,1038
3517,2873
3904,10210
3904,1802
7148,1802
4880,961
4880,7543
3812,3737
7389,3758
7389,2061
10050,6650
10050,1118
9901,1802
765,546
9634,7399
9634,559
9634,10428
1513,521
1513,3812
7283,559
6909,1198
9936,287
5426,446
1015,872
6960,1198
3082,9710
7285,7958
7285,1106
4976,1419
10247,953
7285,1106
7285,7958
2795,1106
8188,3898
974,3461
1484,3531
9927,5118
5058,2235
7828,2235
10109,3787
6962,4977
3382,2408
4597,953
1939,305
9461,1550
9807,1853
1062,5279
2884,9823
2884,6304
3550,3508
7328,954
2972,4324
2291,1226
607,1691
9215,9864
6558,5400
1655,8395
10311,4979
7480,1595
1815,5401
2758,2996
2103,10370
9695,3089
9178,8678
6146,ITALY (IT)
6824,3222
6824,8702
4136,3207
4136,3557
1511,842
10289,4289
2827,2829
3977,8479
6144,4073
6127,10422
8967,1126
431,5034
6178,7113
1356,1449
335,6190
335,1449
335,3557
4094,8557
985,675
4850,4966
7205,7516
2975,820
627,5938
795,2906
6174,1967
2958,1724
1643,6785
627,5938
8969,6424
6409,1724
4882,8220
9032,8080
6103,5239
2023,1544
2023,5721
2023,6292
6901,8661
6901,2170
6901,1255
8483,897
8483,1044
8483,1046
854,1046
854,1046
6695,1186
673,1038
673,1610
673,2873
9708,6732
9708,1150
9708,2849
4976,3254
965,4129
965,4149
965,5234
4111,7903
676,5152
3157,1283
7712,2885
3321,2145
6802,7221
8967,8479
7000,1126
3185,1449
5390,8557
3845,1967
8564,6424
2958,1724
6881,5239
8039,2190
7104,1450
5125,639
5125,9866
4886,697
653,697
653,7858
9716,697
9716,639
7796,726
7796,726
2276,492
1817,726
1817,726
8399,492
6069,449
2276,492
6702,1233
7625,3349
7718,1233
9877,4300
1828,1414
7917,349
350,2085
350,2085
460,1330
460,1716
460,8841
7718,1437
6140,470
4766,1414
6580,460
6580,6797
8849,393
1858,449
7202,1008
7202,1008
3869,614
3869,407
3869,3230
10329,862
9950,1668
4963,2682
10437,1991
9670,2059
473,2207
5283,2207
6348,1446
6054,1857
4297,1425
17081,2956
8288,565
5197,1421
2023,7128
6901,7981
8483,8650
2744,1046
8086,1046
10066,1186
673,3172
9708,7958
6386,3254
965,6746
3861,7903
6757,5152
9357,1283
7029,8678
6320,2885
1780,2145
7425,7221
1763,2964
7906,1449
5661,8557
714,1724
4725,2190
9080,639
8810,697
5187,697
5625,697
7074,639
639,492
639,10012
639,492
639,10012
1652,1233
9103,1330
10307,1437
6138,470
6378,1493
6133,393
5609,449
6543,1668
7756,1991
5283,2207
6879,2207
4178,1857
7491,1425
4398,565
2744,1046
7681,3254
9567,5152
4717,8678
5801,2885
3139,2964
5550,1449
8172,8557
584,2190
5625,697
3577,697
8810,697
3227,639
2276,492
2086,1233
2192,1330
889,1437
6141,470
1716,1493
2257,1991
2219,2207
7333,2207
6535,1857
6202,1425
10326,5152
6697,2190
9716,697
5187,697
9188,639
9188,500
824,1330
824,1716
824,8841
267,1437
6139,470
9063,1493
6355,2207
5817,1425
7271,2964
9841,697
4750,697
4750,7653
6702,639
1651,1330
1651,1716
9134,470
1330,1493
3884,697
3884,5939
3884,7858
6629,639
4766,1330
4766,1716
7827,1493
8571,1425
8967,2964
8810,697
4963,639
4963,500
2276,697
5757,697
9271,1425
5020,1425
9517,1425
7142,1425
6766,1425
7153,1425
4685,1425
1551,1425
4848,1425
9293,1425
3795,1568
949,802
5371,511
7505,1298
7505,1298
7473,877
7473,3710
8987,2031
3022,2773
3022,3380
8133,2728
8133,5636
6950,397
9978,1276
9978,9807
4165,2325
3756,2728
7375,2031
7375,10215
7229,1336
6630,1118
1802,2325
11051,1118
8735,3294
9978,2325
8195,2325
8195,8661
11051,1918
9807,1918
8987,2198
1603,1336
3710,1989
3710,1989
7710,2170
4781,1336
9291,427
9291,4615
2091,469
6592,427
3146,1855
3146,9967
2198,2955
5860,1057
8473,1336
8473,1336
2142,1057
8473,1336
2142,1057
7803,1336
10181,1336
11051,1855
929,1057
3167,1186
9654,2200
10229,971
2250,949
7871,511
3022,511
6352,949
6909,9713
4107,6171
9751,1428
5373,2061
4195,1038
4195,2873
2080,2412
2080,4701
511,2051
4925,1802
4195,1038
4195,2873
8886,1802
9336,3758
6065,1825
5373,2061
7389,3758
10170,3022
760,1198
5373,2061
5411,559
6650,7136
6650,8915
6650,2061
3758,559
10170,559
521,9751
2549,641
2549,1866
6181,446
7423,900
6906,1336
4002,9710
6650,6732
6650,1611
6650,6732
6650,6731
6650,1611
10210,1487
10210,5118
4684,1106
7210,1144
7285,1106
7285,7958
2831,4054
1151,3461
3277,3531
7710,5441
7725,4482
3520,2235
9751,5118
6034,3272
4607,3418
3357,953
10335,1419
3418,5455
1471,4006
7926,6214
6240,9887
3331,2494
10134,6764
10134,8895
10134,8731
9658,1738
3995,9282
8532,10171
3704,1691
6421,5400
4800,3317
1174,7545
2641,3404
1635,5608
3861,8665
6802,3165
2103,3900
5752,1258
5318,865
1032,8479
5001,6190
8296,7831
8364,1720
4000,917
4000,342
6514,279
1009,2348
10364,3892
3529,9418
4000,2964
10364,3892
1310,4256
8967,3655
9650,516
10326,2838
10326,4666
335,6190
335,1449
6128,4966
1103,4582
423,4582
2587,820
3818,4821
3818,8072
6936,2906
1591,7182
5424,5239
2876,4364
627,5938
8770,7836
1259,7016
7078,7113
5801,628
3716,3618
1098,6781
9439,2412
9439,4736
9439,6861
2663,2773
2663,3380
2663,9249
609,2912
609,9696
609,10319
511,1276
511,2142
511,6456
4738,4977
3798,9303
1009,1595
1009,8936
6123,7956
5716,2348
8422,342
4000,917
7831,3892
9446,9418
8967,2964
1352,4582
1103,4582
5246,820
899,2906
7355,7182
9539,2021
9539,7015
19065,2021
1053,717
1053,5667
7720,2134
1475,726
1475,726
1368,726
10061,697
2086,1233
5723,539
5723,1233
2086,1233
5723,1233
5723,1233
6343,492
4777,1262
4391,4633
10416,2236
7625,3349
4886,697
8927,7418
4267,697
460,1716
460,1330
460,8841
10252,1538
1633,614
2118,1784
5336,1721
6067,726
6067,726
4043,449
985,675
1711,9672
3875,1156
7202,1008
697,931
4963,4368
9565,4039
4824,3320
9226,1857
9672,1649
6621,1604
6611,1425
10043,1973
10043,7915
9636,1660
4317,3592
651,620
7142,1425
9439,9247
2663,6266
2663,7738
2663,5627
609,10322
511,2394
511,3795
6962,4977
949,9303
9675,1595
5955,2348
5500,3892
1418,4582
1286,4582
1395,820
8729,2021
8729,2021
1969,2134
9766,726
6759,726
1475,726
653,697
7015,1233
5125,1233
5311,1233
639,492
639,10012
4982,4312
5511,7418
6691,697
824,1716
824,1330
824,8841
5615,614
4346,449
3723,675
449,9672
6735,4368
6735,9141
6007,3320
14885,1425
300,1660
3541,1425
3157,9303
3157,1283
3157,5801
423,4582
1418,4582
6130,5239
799,2021
799,7015
4312,2021
4312,3493
4312,2569
5757,2134
4750,697
5723,1233
6343,1233
6343,3468
1072,4312
1651,1716
1651,1330
7386,614
6251,449
6974,3320
4178,1425
977,1660
1140,1425
3157,9303
8683,5239
9135,2021
9135,7015
9135,9866
9188,2021
9188,9866
9366,2134
5132,1233
4766,1716
4766,1330
322,614
796,449
6611,1425
799,2021
799,9866
6110,614
311,449
8421,1425
4910,1425
9766,2021
1020,614
438,449
8307,2021
7672,614
5631,449
5020,1425
9061,2021
3569,614
1858,449
4686,1425
5187,2021
2628,614
7747,449
8222,1425
8571,1425
9063,614
808,1425
2534,1425
6124,1425
1490,1425
7231,1425
6135,1425
7153,1425
2256,1425
1042,1425
6670,1568
2132,802
2132,2051
2132,2053
8900,511
9713,2773
9713,3380
4827,2412
4827,5320
10245,1298
7505,3776
7505,7945
9713,2773
9713,3380
6913,2728
3261,2878
10170,2728
10170,5636
10170,5320
7932,397
7738,2031
3934,2394
3934,3795
9978,2728
2708,2728
511,2728
10170,1118
10170,8661
1725,2728
9807,1118
9807,2728
5373,3374
1118,3167
9978,2325
2728,1918
6901,1918
9997,2198
2023,1336
2023,2170
2023,3400
9654,1989
1918,2170
2200,2170
2200,3400
5721,1336
5762,469
5762,4796
7283,427
5627,1855
5627,9967
1918,2955
5429,1186
1697,2230
3092,2230
2091,1336
1575,1522
4538,1057
8473,1336
7898,1855
3575,2955
3559,1081
7533,1209
2447,4706
3765,983
9713,3022
9690,511
3517,511
521,6352
7975,9713
5710,6171
3904,1428
4119,3878
4119,9953
9690,1038
9690,2873
9826,2799
2080,2412
2080,4701
10150,3649
10150,8017
2080,2061
9901,1802
800,6650
800,10210
800,3904
4922,2061
1802,3737
9751,3834
4631,3182
2810,1198
285,2684
6657,1611
6616,3787
6550,1981
6550,2235
3812,2320
7283,9751
10050,1048
6686,953
4564,953
2928,3026
5649,9710
2903,2325
10050,2325
4898,1106
8597,1487
8597,7994
7317,1150
7317,3914
9544,4154
2209,3461
4301,3531
2944,6696
6033,2235
5263,3418
3787,1853
3787,1853
8731,5455
4146,4006
5539,7892
6850,7759
10414,6764
5027,6048
5298,1738
2798,3995
17607,1930
9984,4357
9684,9692
9684,9688
5926,7545
1006,7545
5059,763
949,10419
8357,5285
1743,8678
6757,7341
5647,781
6824,3222
6824,8702
2074,4592
4000,8702
6151,3713
6128,10399
2973,1283
2827,2829
3947,5871
1009,8018
6705,3188
8682,6954
4974,7017
7501,5103
1418,4582
2308,1065
1418,4582
2816,8537
1895,8537
3861,9496
1457,4726
1761,1724
1103,4582
1761,1724
5970,7012
928,6815
1103,4582
890,10083
1103,10075
5970,7012
8704,4726
8370,2027
1449,356
846,2912
846,9696
846,10319
1445,1276
1445,11051
1445,9807
4668,2170
4668,3400
4668,427
9923,1981
9923,2235
4738,4977
4844,4977
4377,6764
2235,5042
3157,1283
5553,9908
8357,8665
676,5152
6757,5152
8296,3157
5152,1283
2893,2829
2584,5103
6513,2838
1352,4582
388,1065
4203,8537
2816,8537
714,1724
423,4582
2973,4582
5202,10083
5494,2027
5353,2387
5353,9137
19065,2021
5353,2387
5757,2134
6704,1292
2594,2622
2594,2622
7796,726
5125,3016
5125,7720
9167,1292
9167,9149
4777,1262
9792,859
4679,859
4391,4633
5214,5187
5214,5187
9081,5214
7718,2590
7718,3285
7718,7471
1828,1414
6599,9672
7718,1437
3538,1774
3136,2151
4161,697
1033,3870
376,1877
8871,1379
4954,6319
1367,1796
3410,7418
5724,1386
8654,1689
9532,1710
4963,5540
4368,4300
4346,3830
5750,1991
10437,1991
4346,1649
5832,1744
6168,1991
14929,1775
4728,4681
2319,1425
11541,1638
846,10322
1445,7283
4668,1697
4668,3398
4668,4613
9923,6731
9923,6732
6962,4977
9296,4977
3029,6764
7974,5042
5031,9908
9554,8665
6757,5152
8495,3157
4000,1283
7952,4582
8422,8537
4203,8537
9050,1724
12687,10083
9135,2387
19065,2387
8729,2021
9866,2387
9866,639
9725,859
8298,5187
8693,5187
1072,4312
1072,10230
9190,5214
9190,1292
3837,1414
1491,9672
9762,1437
9762,7501
8497,835
8063,1379
5530,7418
4836,1689
697,1710
1114,1991
8419,1991
651,4681
2174,1425
4097,1638
4668,4615
4668,8661
4668,8779
781,8665
10326,5152
10326,5152
3233,1283
1895,8537
9061,2387
5187,2387
5187,9866
9188,2021
9188,9866
6854,2387
4982,4312
862,9672
6484,1437
1783,1379
4339,7418
7138,1689
1977,1710
3009,1991
9543,1425
8288,1638
3861,8665
9675,5152
753,2838
5353,2387
5353,9137
4312,2021
4312,500
4312,639
8044,9672
6568,1379
4352,1689
8104,1638
2841,5152
845,2838
4265,2387
9331,2021
3640,9672
6157,1379
429,7418
5256,1689
5457,1710
9980,5152
2259,2387
4812,1379
3925,1689
2307,1710
8571,1425
3137,2387
5698,7418
7291,1710
736,1425
9819,2387
2819,7418
2175,1710
5833,1425
9319,2387
2168,1710
3552,2387
5362,1710
9766,2387
9234,5373
9563,511
1046,5373
1046,3972
9713,2773
9713,3380
9726,9776
1046,3972
1046,7283
1046,10170
10170,2773
10170,3380
9713,2773
9713,3380
9805,2878
6913,3768
7128,397
7128,2394
4827,2728
2708,2728
10065,2728
9807,2728
9807,5636
1172,1989
2635,2728
5482,1118
5482,2325
2728,3167
2728,4110
3247,3795
3247,2889
3247,10300
2889,1918
7283,1918
3710,1989
4827,2200
7710,2170
7710,2170
5964,2170
5964,3400
5964,2325
6592,1336
10403,469
10403,4796
2198,427
2198,1057
7710,2170
2170,2955
7949,1255
2489,4154
4442,3787
1584,1336
1057,1855
816,1989
1179,1336
3440,2369
2200,3732
2955,1186
3891,1481
1177,5725
8168,1081
4225,3022
5467,9713
9778,511
949,6352
8423,9713
7185,6171
7022,1582
5990,4995
10141,2031
8966,3172
4944,2713
4944,3941
1055,3758
5373,2061
5373,2061
765,4117
5019,2061
3812,3737
7375,7121
1802,3737
8266,1198
673,2684
800,2061
1825,7380
8228,1981
8228,2235
7399,2785
7399,8185
10210,9751
4031,1316
4790,2325
6686,953
3212,3026
8228,9710
6988,2325
6988,8972
872,2325
454,2432
7285,1106
7285,7958
4461,2325
5411,2432
10005,4482
6252,3461
4815,3531
8473,6764
4844,4977
2416,5118
1311,4154
1746,7361
4461,5441
9305,4154
2702,1853
8127,1872
9807,1853
5527,4194
7930,6214
2043,6109
864,2942
9556,5234
7363,4324
3753,1691
4383,5400
5798,7545
8949,9587
8949,6180
8949,7791
10134,793
10134,1061
10134,9017
10377,4834
10377,6271
3365,10339
1009,8018
3157,5801
1885,6444
4373,6188
10318,4396
4111,3157
1009,5801
9413,9605
6762,917
2153,9170
4000,8702
4203,1283
4203,342
2074,4592
2074,4592
8355,3323
9316,8411
10289,4289
2224,869
10364,3892
7950,7746
2913,7698
6622,2829
2438,6213
1518,2829
2816,8537
4985,8759
2820,8537
2820,4038
3411,5812
904,1432
1741,5830
3304,6323
5738,3689
2876,4364
423,4582
6409,1724
2511,1092
890,519
6272,820
1449,356
7839,1797
9978,802
9978,2051
9978,2053
1603,2912
1603,9696
1603,10319
9807,7283
9807,8661
6243,2170
6243,3400
6243,427
10134,3659
9930,6320
8357,8665
3861,5648
6125,3713
7963,8411
1406,3892
2724,7746
8773,2829
8422,8537
5933,5812
3090,1432
7262,6323
1103,4582
714,1724
6648,1797
8762,2569
8762,9173
6773,2569
19065,2387
2569,2086
9866,2387
4822,1233
7015,2086
4174,2149
2086,1233
2086,3285
6534,4479
9167,1292
9167,9149
9489,1005
6702,1233
5214,5187
6702,8087
6702,8898
4963,5214
316,5214
316,10230
7501,3285
7501,2236
6599,9672
896,2324
6599,9672
6599,9153
6479,2151
7662,2964
1674,4097
3196,958
1716,614
3410,7418
9213,1840
1367,1796
725,1958
725,1958
4963,7856
4635,3907
651,3320
4914,3703
5832,1744
9226,1857
2246,2363
6535,1857
7882,4773
6889,1744
6168,1991
9978,8852
1603,10322
9807,2728
9807,5636
6243,1697
6243,3398
6243,4613
3377,6320
3861,8665
5285,5648
10326,3713
2893,2829
4203,8537
3982,1432
3781,1797
7780,2569
9866,2569
5187,2387
5187,9866
1233,2086
837,2134
6773,2086
5723,1233
5723,539
3869,1607
5675,1005
10183,2324
10183,6416
9085,4097
9085,5756
10188,614
10461,1958
10461,1958
4134,4972
6830,3320
1178,3703
4178,1857
5849,4773
6243,4615
6243,8661
6243,8779
781,8665
4721,8537
8296,1432
496,1797
6418,2569
2086,2569
1999,2086
1233,2086
7015,1233
407,3320
6634,3703
360,4773
2511,1797
584,2569
492,2569
492,9173
6697,2086
9866,2086
4334,3703
4766,1797
812,2387
3227,2086
2247,3703
5136,2569
1651,3320
2880,3703
4571,2569
3764,3703
10454,5373
10454,8006
7473,877
7473,1722
7473,3710
9978,511
1046,3972
1046,5373
9978,4958
9978,9247
9978,4958
9978,5627
9563,4958
2080,2773
2080,3380
4912,2878
3686,3768
1069,877
1069,3710
6616,2728
1113,1637
1113,7051
3812,3580
3261,2878
6228,2728
6228,7011
6228,7283
6228,2728
6228,7011
6228,7283
1118,2728
2680,2728
6243,1118
6243,2728
6243,8661
4668,3795
9807,3167
1276,3060
6292,1918
7311,1918
7311,7550
9978,2325
3587,2200
9965,2325
2198,2170
2198,3400
2198,9242
6848,1336
2452,1697
7136,427
7136,1057
414,2170
414,3400
414,9242
3206,2955
3130,5229
6948,7513
1697,2230
8515,3787
6294,2680
4456,4806
2447,4706
7042,4706
1994,1186
9242,1855
7049,5725
7513,1081
6631,3022
2132,949
4195,511
4225,6352
9216,9713
9563,6171
9901,1582
7185,2252
1428,2061
9713,3649
4880,2799
3722,3812
8798,3758
9713,3787
1694,5302
6349,2061
4269,3737
8219,8185
2603,3737
2603,3812
9390,1198
1512,2684
7478,2061
8568,7399
1190,2061
521,9751
7285,3082
7285,10166
10428,2325
2702,1106
8274,3026
4420,900
4420,1198
3026,2432
10241,2432
10241,2432
1112,2054
1112,5423
9461,2325
9461,3418
9263,2432
2111,7783
1118,2235
5963,3531
4907,4977
7710,5441
4861,7045
9905,4154
7045,3418
1190,2432
10130,1930
3002,4461
9975,3015
6240,3015
1217,1751
1217,5395
1217,2645
9239,5205
7545,7930
9693,3209
10038,8051
2158,7811
988,4324
988,3351
7604,2777
7604,8732
7604,895
4285,9549
403,9933
2355,1691
5960,10114
5960,9933
5960,1041
3896,1061
8396,6931
1153,7254
1009,8018
949,3157
5612,6440
3918,1122
6862,4859
2450,3444
3567,1720
9675,3089
7939,1720
5716,2348
9252,7221
6757,7341
6757,3721
3599,4849
13472,2348
1009,2348
7370,9445
8495,1267
7370,4582
5206,10106
10219,4332
8714,2840
8714,2840
5444,10075
5148,3655
4000,8537
4000,3655
4000,4038
5206,8537
5206,4038
5206,6575
4203,8537
8296,8058
627,5938
1103,4582
627,5938
6341,625
9211,10463
1518,9496
2804,3644
7873,4692
761,3039
3845,2581
2738,5150
3821,4958
3821,5373
3821,8273
3194,2912
3194,9696
3194,10319
2198,2170
2198,3400
2198,9242
9859,2170
9859,3400
9859,427
3548,1336
5297,6968
5297,7155
3029,6764
4844,4977
3048,7631
10378,2648
10378,4129
10378,9207
6241,3947
2450,3444
2450,9605
2450,5801
1415,4849
6800,1267
6937,8537
3845,4364
7370,4582
8564,9496
5184,2581
960,5150
3407,2594
7700,3493
8397,3504
7476,4102
8762,2086
8762,9866
8762,2086
2624,1607
1500,3016
3227,2387
8939,1607
6154,5009
6343,2134
6343,7720
1199,2532
5311,1233
3691,1860
3227,8161
7250,8298
4267,6802
3845,5255
9686,6566
7718,3285
7718,2590
7718,7471
10089,2968
2192,2920
10180,2172
1072,4312
6599,7418
7701,4120
2543,3285
4026,1155
1928,1840
9762,732
2612,1840
10461,1958
725,1958
6380,1644
2753,1977
1876,3320
4963,8625
5745,3479
1543,4575
5069,1797
702,1946
4915,3285
4317,2526
7366,4807
6822,1814
11469,2539
3821,8852
3194,10322
3194,7283
3194,10170
2198,8240
9859,1697
9859,3398
9859,4613
3911,1336
5297,1981
5297,2235
4377,6764
9296,4977
3523,7631
10378,8731
7325,3947
5955,2348
2973,4849
1679,4582
10460,9496
10276,5150
8899,2594
19065,3493
2898,4102
4886,2086
6773,2086
3754,8161
322,2968
8831,2172
3869,7418
3869,311
7618,4120
8216,3285
2396,1840
725,1958
10461,1958
4621,1977
6136,6466
5744,4972
4339,3285
9859,4615
9859,8661
9859,8779
8589,1336
9938,3947
1009,2348
9219,4849
5184,5150
9766,3493
6418,2086
2569,2086
10274,2968
1330,1840
5633,3285
9501,1336
3716,5150
5697,3493
5697,2569
7397,2086
5958,5150
9188,3493
9188,2569
6418,2086
3992,5150
584,2594
2370,2086
7508,2594
4886,2594
511,5373
511,8006
5971,2053
949,802
949,5533
4657,4746
2132,5533
2132,7313
802,5533
802,7313
7185,2252
5373,7283
5373,2773
5373,3380
1989,2889
1989,3522
1046,3972
1046,7283
7384,1544
3261,2878
2889,1989
9538,3795
4912,2878
9978,2728
7283,2728
4657,2728
3756,2728
5512,1118
5512,8661
6230,7011
6230,6292
6230,3167
6230,7011
6230,10300
11051,3060
10170,1918
9936,1918
4631,8240
4631,2325
9978,2325
5205,2325
9743,2325
7236,1336
3779,1697
2200,427
2200,1057
2200,6816
854,2170
854,3400
854,9242
7710,2955
1700,1336
9429,7042
5829,9503
4758,2230
10006,4806
633,9325
1989,5725
9488,4806
10007,4706
3167,1186
7049,1989
2034,5725
8031,1186
10150,3022
4063,949
14107,511
7552,6352
7707,9713
7707,6913
9713,6352
9713,1582
9713,6171
3462,5302
4549,2061
9563,5199
1399,6650
6302,3812
1428,3904
1018,3904
9634,6650
8816,2061
9796,3904
5627,8646
3812,3737
9900,1198
4667,2684
10145,2061
9751,7399
9751,10428
9796,2061
10210,9751
6882,3272
4816,2325
521,9751
7285,7958
7285,1106
9334,3026
6686,953
10241,2432
10166,6657
10166,2432
10166,2432
10166,6657
3453,2325
2143,2432
10166,2432
10166,5118
3957,7783
546,2235
14649,7045
7862,4977
6292,7045
6962,4977
8246,7783
5543,7045
7495,4154
1359,1933
4359,4461
5844,5571
2884,3015
2884,5279
9975,1456
1444,5016
4333,9984
5913,1548
5084,1548
5841,7545
2544,1447
4720,3508
7098,8731
3030,7876
4389,5400
8493,3617
8572,7919
8572,4791
8595,1550
8595,882
9475,1061
9475,2015
1009,8018
3027,10068
5585,4859
6314,3713
9183,390
5801,7221
5801,7221
1891,9605
6768,1327
4974,3323
10326,3713
8967,3818
3599,4849
8714,3157
4974,7017
3501,3286
1009,2348
2528,7885
3386,7008
9219,1441
8714,2840
7607,10191
7370,4582
2973,6955
8979,2005
996,9496
1103,4582
3982,6326
4963,2625
5148,9496
2511,1092
3845,6323
5970,7012
2876,4364
4830,2906
7588,7553
813,8531
9154,2027
9154,600
3845,9443
3716,8531
3716,4747
6331,2912
6331,9696
6331,10319
9927,8240
9927,2200
9221,2170
9221,3400
9221,427
3657,2235
4417,3418
8635,3096
6990,6320
3798,9303
669,1595
9675,3157
4408,7017
951,3286
8081,7885
1204,7008
3108,3316
423,4582
7370,6955
8068,9496
1418,4582
2973,2625
1978,6323
10405,7553
6368,2964
2536,9799
10012,5659
8729,5697
8729,9138
2208,3162
5789,6052
5625,2134
5625,9171
639,3227
639,9173
4190,2613
5238,2286
6343,5125
6343,492
6702,2676
6702,4326
6702,5125
9792,3160
6343,3468
10416,8292
8592,8320
2719,8298
5789,6052
1812,7117
3869,5548
3869,4358
438,3890
10089,2968
1072,4312
393,2920
6827,4339
6827,6470
10222,4358
2890,3434
1873,1330
1873,6509
404,1958
3969,783
10461,1958
9600,1991
7119,1977
1651,9672
1358,1991
5125,3505
5125,862
4963,8722
17070,5346
6634,3703
4404,6049
9226,1857
10043,1973
4883,3372
8818,2863
5248,5546
1466,2159
5174,2682
6331,10322
9927,3398
9927,8779
9221,1697
9221,3398
9221,4613
8950,2235
9282,3418
11735,3096
3377,6320
8665,9303
1009,1595
6757,5152
9934,3157
1326,3286
6800,7885
6358,7008
1418,4582
1417,9496
1440,4582
819,7553
2021,5697
2021,4465
10232,6052
4326,5125
4963,5548
4963,3647
725,1958
8272,1991
4352,9672
6702,3505
9221,4615
9221,8661
9221,8779
10458,3418
9930,6320
9675,1595
10326,5152
9486,3286
1352,4582
9219,4582
3845,7553
5757,2134
5757,9171
492,5125
492,7720
2204,1977
449,9672
10326,6320
7659,1595
5215,5152
3171,4582
3227,5125
9980,5152
8573,4582
1985,9672
9411,2159
6857,5152
423,4582
5439,5152
2254,2159
1745,2159
10312,5152
3934,5373
3934,8006
9713,4221
1217,802
1217,2051
1217,2053
802,5533
802,7313
9978,4958
802,5533
802,7313
802,7738
949,5533
802,5533
10170,2773
10170,3380
1725,3717
2889,4701
5373,2412
5373,4701
4912,2878
9538,3795
9528,3795
1989,7136
1989,2889
1989,3580
10170,7283
10170,2728
10170,5636
9978,2728
4701,2728
3765,2728
3765,7136
6292,1118
7283,7011
7283,8661
8735,3294
5901,3060
2629,2325
10170,1918
854,3060
854,7710
1079,2200
1079,8240
9325,2966
9927,2325
5205,2325
8115,1336
7783,1697
1918,427
1918,1835
1918,4127
4491,2170
4491,3400
4491,9242
9242,2955
9325,2198
2955,8661
8656,9503
10386,2230
3600,6024
2200,10359
427,6623
2095,5223
1118,4706
7403,1186
6186,4577
9807,6095
4021,1186
949,6352
5923,949
7871,511
3478,6913
8134,9713
8134,6352
2080,6352
3022,1802
3022,6650
4667,5302
4922,2061
9300,5467
9300,9953
10270,6650
14112,3812
6861,5112
6861,5896
1428,3904
10041,6650
9334,2061
2806,6650
8185,8646
2749,3758
4031,3033
6457,2684
10170,2061
6913,8513
6913,10428
5373,2061
2903,3787
2903,6097
8017,3457
10428,2325
7283,9751
5899,1118
5899,1981
5899,2235
10166,3026
2849,1048
2849,2325
10166,6657
10166,2432
3026,2432
3026,4719
3026,10166
3026,2432
3026,4719
3026,10166
285,2325
285,5441
3026,2432
3026,5118
10241,2432
10241,5118
4006,7783
5361,4597
6960,2235
1746,7361
9296,4977
2825,7631
9402,4977
8473,8731
8626,7045
4324,7631
4738,3986
15529,3143
2510,10685
1217,2391
1217,667
1217,7214
1217,3527
9942,3238
8534,9887
1001,8114
3484,2649
5418,1548
2360,1548
1410,3124
7810,2065
10134,6764
10134,8895
1508,4129
10354,1953
17716,547
17716,9610
5961,9933
9996,5400
695,5234
695,1236
6451,3606
3711,5400
1842,2570
3529,1712
9554,8665
6305,4435
803,8936
1009,3089
5031,9908
3140,7956
3861,5648
4111,3157
9675,2885
10326,4000
8355,4716
1009,4716
8296,1283
6125,3713
1009,2348
9316,8411
10364,3892
781,1831
6452,2964
9969,2636
8193,2027
1326,2543
6167,6955
1617,5938
6585,3854
753,6953
1761,1724
2131,1744
1432,5492
627,5938
2511,1092
2511,1092
6341,625
10337,6323
1182,3426
813,4747
1619,2581
5494,600
3716,1831
6950,2912
6950,9696
6950,10319
1980,7042
1980,1186
1980,8661
5940,4461
4931,1258
6152,3474
4974,3323
10197,3474
8343,4716
9903,2027
3502,2543
2805,3854
1247,1724
3982,5492
5328,2581
2757,600
3203,1831
5697,3493
443,3975
6959,5659
8729,5697
8729,9866
3552,5939
3552,5939
2594,2622
9251,3246
1500,3016
584,2134
584,9171
10314,449
3227,2945
6343,3468
6343,1233
6368,3468
5214,5187
8592,8320
6702,8898
6702,8087
8490,8472
2920,6187
9468,7494
10012,4312
10012,316
1072,4312
3912,4358
10222,4358
5498,5508
3233,3870
2070,1493
2070,7649
8551,1991
4713,2121
7241,2217
725,1958
6805,2969
1285,4220
1651,9141
1651,9164
2929,9173
3595,6426
1543,4575
5437,6278
10043,1973
10437,1991
7366,4807
17081,2956
6542,2363
912,3285
6950,10322
1980,3398
1980,8779
6316,4461
2018,1258
10312,7602
8389,3323
8355,4716
6092,2027
4799,2543
7547,6178
714,1724
3634,1831
2021,5697
3884,5939
7917,5939
5625,2134
5625,9171
653,449
6158,8898
1072,4312
10222,4358
3869,4776
8320,1493
8221,1991
7488,1991
6143,2121
9056,2217
10461,1958
2736,9141
2736,9186
7086,6278
8388,6635
8388,550
1980,2170
1980,3400
3149,4461
6523,1258
5031,2543
7860,4358
8841,4776
1330,1493
4942,1991
433,2217
3843,9141
3843,9186
10024,6278
4360,1258
8551,1493
9862,1991
2282,2217
6735,9141
6735,4368
3427,6278
4703,2217
9329,9141
9329,9164
2372,6278
512,2956
4169,5373
4169,8006
9234,4801
2132,802
2132,2053
2132,5533
2132,7313
9563,5373
3735,7313
3735,5533
1187,5533
1187,5533
6577,3717
6577,3717
5302,4701
9978,2412
9978,4701
9978,9816
5373,2878
9713,9807
10386,3795
3812,3580
2147,2889
452,3580
5636,2728
4534,2728
7283,2728
7283,1118
10170,7011
5373,3374
1118,3167
9978,2325
1818,1934
5462,3374
1568,3398
1568,8779
1568,8240
9978,2325
5378,2325
8589,1336
5627,1697
8483,1044
8483,1046
10390,2170
10390,3400
10390,9242
9264,2955
3546,1697
6592,10359
5995,10359
6896,2235
6228,7042
9529,4758
9529,10397
2728,7042
9807,6097
1701,4806
380,2369
2148,4806
427,6623
3787,1209
9234,7351
5971,949
9873,511
9940,6913
9704,9713
9704,1428
2132,6352
6352,4670
6352,8017
6352,1802
5639,5703
1314,6913
1314,2061
1314,10210
1344,5950
3022,7121
7173,3812
1396,5112
1396,5896
1396,10210
7997,3904
7102,7022
7295,2684
7295,8915
3022,6650
3834,8915
14107,3758
1802,3737
7057,2684
9333,3531
7739,8972
10170,2061
3517,3787
3517,6097
1513,5302
14108,9751
494,8998
494,2903
2728,1198
10196,3026
495,1106
5446,2508
755,4719
755,2432
755,5118
8829,2432
10166,2432
10166,5118
3026,2432
3026,4719
3026,5118
5748,7783
7783,5084
8915,2235
6646,8746
9312,4977
2980,7631
3809,5441
8915,8895
3957,7783
2111,7783
9989,4194
9282,3418
4212,2875
7989,5118
5907,5279
5907,7892
5907,5881
2024,681
3314,9927
3665,9984
1548,5741
1548,7545
3035,526
7718,5234
2807,4048
9036,6764
9036,8895
325,895
7348,8731
14649,9984
17724,3895
8675,5400
1693,1295
2180,6371
10052,8622
2695,1348
4240,8051
4240,1691
10326,6990
9357,1283
5261,6636
6762,2851
10262,3135
4797,8327
6241,3157
3014,342
4716,3315
13473,3892
6768,1327
10364,3892
5716,6101
1009,8018
5516,2625
3977,7590
10272,2964
10272,6229
7370,4582
7370,6955
6225,4726
7370,4582
1677,8537
8581,3813
8581,8897
5184,6935
4985,8759
7820,1831
1449,356
795,2906
5444,8080
7820,1831
5519,4673
847,9496
2511,1092
6875,9443
9211,10463
5005,2545
1449,356
6323,7682
12011,2923
7216,2912
7216,9696
7216,10319
3756,2200
3756,2170
3756,5223
7136,1209
9751,4719
9751,5229
3147,6444
1743,8678
3861,5648
4425,3474
6125,3713
3013,342
2750,3892
1310,4726
1415,4582
2816,8537
3845,6652
6936,2906
1440,10463
6839,2545
584,5567
366,4697
19065,5697
9651,2265
2965,6368
584,5567
1053,6368
6773,2086
4327,4633
6773,3227
1500,3016
3956,5746
5125,3016
5187,3597
5187,10425
5187,3597
5187,9849
4267,6802
639,10012
639,492
639,10012
3468,10230
2719,8298
3597,8320
4963,3647
4963,5548
6742,4358
4963,4358
316,5508
316,7501
316,9138
6827,6470
6827,4339
4113,3112
2414,5432
725,4432
725,5345
377,1840
828,2123
5125,2039
2389,2155
9466,2696
1876,3320
5174,4368
1651,9164
1651,9141
7824,9448
629,1260
7231,6278
4586,6383
10437,1991
4760,2456
9672,6735
1382,2585
9640,4536
7216,10322
3756,10065
7136,1989
7136,10065
7136,5223
9751,2780
9751,6657
5233,7470
8365,6444
2295,5648
10197,3474
10326,3713
8901,3892
3719,4726
1418,4582
8422,8537
899,2906
10250,10463
1902,6368
6773,6368
7015,2086
8298,3227
438,10230
8758,3112
3040,5432
4924,4432
4924,5345
1928,1840
6201,2696
7856,4368
9329,9164
9329,9141
7086,6278
9674,6383
687,4536
1307,7470
9995,6444
5430,8678
781,5648
4721,8537
3288,6368
1233,2086
6691,3227
9117,10230
8291,3112
5873,1840
2271,4368
8769,6383
3377,7470
1405,6368
5187,2086
7622,3227
6872,10230
6134,3112
8804,1840
1921,4368
5230,6383
3468,6368
6455,6368
7858,2086
639,3227
639,9173
7992,10230
5730,3112
2397,1840
7847,6368
5125,6368
5125,7393
5125,639
7653,2086
6368,3227
6368,9173
4886,10230
5902,6368
3468,6368
6872,3227
1233,10230
7695,6368
1769,6368
10012,3227
3869,10230
6343,6368
9094,10230
6069,10230
4750,10230
14105,6368
8012,6368
7339,6368
6145,6368
3276,6368
9054,5373
9054,8006
9249,UNITED KINGDOM (GB)
5533,802
5533,2053
7229,6266
949,5533
9713,9247
2132,5533
2132,7313
2132,5533
5302,4701
8883,9776
8883,5763
4657,4701
4657,5763
6616,2728
4746,7011
4746,2889
854,5350
854,6650
8285,4746
8285,7972
2382,3795
3247,2889
3247,6292
7473,4930
6887,2728
5721,2728
8006,1118
5240,7077
5240,7371
9820,3587
7285,3167
7285,8661
1118,3167
1118,7710
1172,1989
3167,3398
3167,8779
3167,10300
3206,4018
3206,8240
9416,2325
9501,1336
3145,1255
8915,1697
2744,1046
10386,2230
398,2955
10082,8779
10082,7042
10082,8779
10082,7042
709,7042
6292,6623
6292,427
9551,7042
2378,6873
6948,4806
9461,2955
2034,5725
2200,9524
9242,1855
5531,8579
7552,949
9563,511
9713,7552
3692,1802
4063,6352
5670,2031
10210,5703
9826,2799
5302,5950
5302,6650
9953,7121
823,6650
1399,6650
800,3904
800,6650
800,10210
9458,7136
4116,2711
3082,6650
9892,9389
3649,3812
3812,3737
8821,2684
1206,3737
8209,8972
10210,2061
1237,3812
1568,5441
7283,9751
1018,8998
1018,2903
7292,1198
4159,3520
7285,1106
7285,7958
2331,3520
3758,3520
7575,5118
7575,2432
10166,2432
5138,2955
6906,2955
7994,7783
2200,7243
883,9549
7710,5441
7965,7783
3851,5441
1271,9549
7994,7783
3357,7783
4862,4461
8915,3418
8538,2875
3418,5455
9381,5539
8062,2713
9951,8493
4764,9927
526,2978
526,10342
6549,6304
2572,6428
4437,2111
3079,698
10435,1548
2807,526
632,6307
632,10134
10055,7545
7964,3120
2067,1584
5808,7095
4389,5400
2022,6501
5574,3995
9829,1872
9829,9282
9459,8051
9459,2267
9459,1691
8792,1110
9984,5700
2540,8306
2103,10370
9357,1283
5612,6440
6626,7587
1245,2896
1009,2348
2973,3853
1891,4328
13480,342
2074,4592
6757,3721
9316,8411
4604,2625
3977,7590
6167,6955
7370,4582
3169,1065
10460,4540
4963,2625
3845,6652
3845,3316
6128,3459
2047,1967
957,9669
813,6955
1440,4582
416,7303
5738,3689
5150,2739
10460,6424
3845,6323
847,9496
8887,6575
8370,4341
690,2027
5970,7012
347,9035
8048,628
7313,2912
7313,9696
7313,10319
3928,3398
3928,8779
3167,8779
3167,7011
3167,8661
9743,8661
9743,5605
9743,10300
1037,7513
7302,4154
526,6428
526,8689
9459,1022
10326,6320
10326,6990
1009,8936
8296,7831
8355,4716
5640,8411
8903,4341
2793,2625
2046,1967
664,9669
1103,4582
5244,2739
9913,5524
1771,5603
9732,5708
4886,6490
7881,6711
1434,3160
9039,5804
10301,4633
2086,3285
2086,1233
5789,6052
9792,3160
10012,5214
4312,4441
4312,9955
639,10012
639,492
4288,2787
7992,10230
6432,379
5311,5785
5779,9160
8831,3890
6569,4426
11286,4817
269,5756
8856,4809
5723,7321
10222,4358
9091,5508
10188,4776
3800,1877
6158,2816
1928,1840
4713,2121
5125,2696
5335,3435
1358,1991
8129,3498
734,4529
2736,9186
2736,9141
7824,9447
460,7277
1526,1260
4677,2863
7280,2539
6532,12042
4883,3372
6278,7039
10307,2682
7313,10322
3928,2200
3928,8240
3928,8661
3167,10300
3167,2325
9743,7042
9743,2170
9743,3400
1360,7513
9305,4154
1836,6320
4989,6320
10326,6990
10326,6320
4716,7831
893,4716
7894,5580
8892,6052
9096,2787
9169,5756
1165,4776
4750,2696
6825,1991
3843,9186
3843,9141
8806,6359
2162,12042
8553,7039
9743,2955
9743,3398
9743,8779
5573,7513
2586,6320
10326,7831
1593,5603
2172,4776
2258,2696
8272,1991
1325,12042
331,7039
464,6320
7609,4776
9466,2696
750,1991
1963,6320
7781,4776
3601,2696
6043,12042
1944,4776
6201,2696
7567,12042
7378,4776
4932,4776
8507,4776
2250,5533
1046,5373
5971,802
5971,2053
7283,8852
7283,7552
1246,5533
1789,9247
5971,5533
5971,5533
3815,3795
9978,5694
9978,7283
9978,10170
1046,3972
5636,4701
5636,5763
6913,2728
7203,7011
7203,2889
10170,7011
1789,4930
2032,3795
3812,3580
854,5350
9884,2728
5964,2728
5627,1118
7969,7077
7969,7371
1818,3795
3587,3294
1503,3167
1503,4110
3710,1989
7624,3398
7624,8779
6592,4018
6592,8240
3732,2966
9927,2325
3710,1989
4314,1331
4314,6524
4314,9461
8991,1697
2117,1336
2818,5290
7570,2955
3167,8779
3167,5290
3575,3787
3575,8826
2170,7513
2200,10359
10082,8779
10082,7042
1318,7513
5145,7042
1177,5725
1118,4706
7599,5725
2552,7379
11051,1855
672,9563
1314,3022
9690,511
673,7552
513,5302
4880,6352
7552,2031
8790,6439
9713,3649
4040,6439
3542,7707
1106,6650
5297,6650
4667,5302
5302,7603
5855,2799
8998,6650
3737,3812
6761,5302
8886,2684
1694,3737
942,8998
446,2061
446,9751
3649,3812
6819,6821
10210,9751
4114,8998
4114,2903
2508,1419
7283,3787
7283,6097
854,1198
7283,3520
7283,3787
7283,6097
1687,2903
3028,2432
3028,5118
2508,3221
9043,3023
9043,4254
9461,8731
3546,7783
1778,4154
9751,9668
3948,6764
8473,8731
7710,5441
9016,2555
9572,7783
3957,7783
1479,4482
2970,3072
396,5458
9975,3015
5357,8493
8536,992
4437,2111
4437,3746
1810,1548
1810,3700
815,1584
6895,526
6895,6307
6895,6529
7718,3484
3631,3209
2057,3084
2057,3084
2164,6307
2164,6529
9984,5093
9984,6764
7558,3508
1220,4149
14649,6764
14649,8731
7801,4324
3198,6371
1139,1584
3550,3508
3229,9933
1188,4154
1172,7545
3378,4357
3378,3921
7336,3058
4216,9733
4216,3041
10326,6990
5059,763
1890,6188
5031,9908
1009,5801
10326,4000
6105,6190
4144,3818
3818,8207
3818,10345
1891,4328
6757,10379
7831,3557
3977,8479
2973,1283
7426,4909
12618,2829
2827,2829
8703,728
2584,1155
8967,4716
7900,7814
6178,7113
6937,8537
423,4582
9032,1598
870,10355
10460,1615
627,5938
6799,888
6799,888
2893,4133
5801,628
8747,2757
2737,5150
10460,4037
4668,3398
4668,8779
6243,8661
6243,5605
6243,10300
4417,3418
7757,6789
3147,6444
5031,9908
8343,5152
6125,3713
9969,3818
8773,2829
9125,9496
10338,4341
6098,8537
9219,4582
829,10355
10460,4133
10176,2757
9328,5580
1053,5667
3049,6319
1281,7073
1961,6802
2400,5580
492,5125
492,7720
492,9173
5381,3227
6380,5952
9841,5187
3097,10125
6455,10372
9233,328
4004,6625
9124,9060
4982,4312
1961,5177
1806,6720
5069,5508
3233,7501
4695,5508
725,5345
725,4432
404,1958
1039,3434
404,1958
862,2392
7060,2865
8129,3498
6201,2696
5125,3505
6874,4648
4044,6426
6447,7069
4339,3285
10026,6735
9370,3592
2769,7800
8893,2733
7366,2950
4668,2200
4668,8240
4668,8661
6243,7042
6243,2170
6243,3400
10458,3418
9495,6789
8365,6444
7018,9908
6757,5152
10326,3713
1168,3818
2893,2829
3845,4341
1678,8537
1103,4582
6932,2757
4088,5580
6802,5939
4267,6802
8261,5580
6343,3227
9100,328
1072,4312
536,5508
10043,7501
10043,9138
4924,5345
4924,4432
4410,2392
8129,3498
4750,2696
6702,3505
9471,4648
3269,7069
4097,3285
9672,6735
2042,2733
6243,2955
6243,3398
6243,8779
8348,6789
9995,6444
1096,9908
10326,5152
1892,3818
5842,8537
3643,4582
7917,5939
6074,6802
5451,5580
6773,3227
10012,4312
10183,5508
5125,7501
9092,5508
4625,6426
5633,3285
449,6735
6324,2733
4035,3818
4203,8537
10112,6802
1719,5580
2276,3227
4928,4312
4004,7501
3676,6735
884,2733
4687,8537
639,3227
10036,2733
6368,3227
4374,2733
6707,3227
6707,2406
8298,3227
5190,3227
9716,3227
10416,3227
10416,6343
9866,3227
9841,3227
1142,3227
1142,2406
1069,5901
1242,5636
7313,802
7313,2053
4958,8852
7089,5533
5569,9247
6352,5533
7313,5533
6266,3795
1399,7283
9978,5694
9978,7283
9978,10170
9514,4701
9514,6650
2132,7738
2132,3580
8265,7283
7473,4930
3548,3795
1789,4930
1568,6292
9978,2728
6754,2728
8195,1118
8195,8661
3710,7136
10170,5373
10170,7011
4668,8661
4668,3294
3680,3167
3735,1989
10065,3398
10065,8779
7136,7540
7136,4018
9807,3398
9807,8779
2556,2170
2916,1336
10392,1697
7710,2170
6592,5290
10386,2230
2262,1710
2262,1213
3167,3787
3167,6097
2955,7513
1835,2230
1835,4758
8515,8779
8515,3398
8515,7513
6467,9019
7771,7042
9807,6095
2198,4806
4138,6097
4018,7379
8915,1855
3022,9563
1845,3022
1217,9713
1040,7552
7173,5302
5373,6352
2080,2061
5467,6650
1413,5199
4624,6445
1428,8017
1399,6650
6616,6650
7185,5302
7185,6650
1802,7707
9826,2799
8995,7233
4269,3812
5297,6650
10409,2684
2988,3737
9334,8998
7399,2785
7399,8185
3722,3812
5302,7007
9900,3531
4950,8998
4950,2903
6968,1981
6968,2235
5501,3957
2114,1198
9743,4719
9743,5084
630,4719
3758,3520
3758,5441
7136,2955
7958,3520
4607,3418
2988,8815
3957,7783
9751,5118
9296,9668
494,7783
9751,9668
3913,5523
7636,2555
2605,7783
4213,7783
2488,4482
4738,3986
8735,5505
6588,526
2617,9927
7215,2346
1390,1548
2065,6307
2065,6529
7832,8493
5339,8493
6559,2649
6559,7323
6559,8521
860,282
2349,10421
5334,5400
947,7545
9549,7704
5195,1110
10038,2468
7910,9014
6679,4129
10134,7704
10134,9549
3509,3995
3243,9933
6176,9933
4149,17747
4149,3606
6560,1430
6560,7235
6560,8888
2485,3545
3249,2841
5059,3656
7470,1943
934,935
9695,3089
6626,7587
10326,3982
4227,781
8296,1283
6105,8702
4716,3853
6757,3721
8967,4451
7831,1449
2735,10399
6144,4073
8158,6633
7075,3689
10326,2838
6167,6955
5148,3655
7314,7885
5184,6935
1732,3188
7256,4878
5874,1353
3927,1744
5738,3689
7657,635
3845,4364
8564,4133
5738,3689
3845,6323
8564,9209
4292,6575
4691,2545
4691,10340
10337,8531
10250,2906
10176,6933
10170,2728
10170,5636
6243,3398
6243,8779
3167,8779
3167,7011
3167,8661
9859,8661
9859,5605
9859,10300
7422,3469
526,698
526,2859
526,7640
5612,6440
6757,3260
9578,4425
3947,4000
9980,1283
3258,8702
4000,6955
5801,7885
778,1353
2876,4364
7266,6575
7141,8531
795,2906
6450,6933
6120,5562
2134,2265
3468,6368
1665,6368
2276,7393
8892,6052
2276,7393
1194,4627
9596,5715
8586,5456
2276,5125
2276,7720
10416,6343
5187,3597
5187,9849
2548,5969
5187,9849
5187,3597
5508,10372
5508,337
6432,379
2100,8642
4928,10230
3869,4358
3869,5548
5498,5508
5069,5508
3012,7164
1651,5709
1651,8841
5311,7718
5311,5785
7501,5969
9085,5756
9085,4097
6883,5413
4942,1991
4942,1991
7607,2538
7619,4231
7619,5276
7060,2865
6158,3788
6162,5508
10043,8129
10043,9855
1614,7277
6262,7125
6631,4395
8197,4295
5771,7004
5771,8713
5274,4339
10043,5351
10043,8129
8974, ISLAMIC REPUBLIC OF (IR)
4500,5267
10170,7136
10170,8915
6243,2200
6243,8240
6243,8661
3167,10300
3167,2325
9859,7042
9859,2170
9859,3400
1767,3469
526,10421
5359,6440
1111,3260
10197,4425
3599,4000
8970,1283
5303,7885
6452,6368
3468,6368
7015,7393
492,5125
492,7720
2742,379
4886,10230
5498,5508
4766,5709
4766,8841
9762,5969
862,1991
5188,1991
7557,2538
3816,4395
1346,4295
4099,5351
4099,8129
9859,2955
9859,3398
9859,8779
2270,3469
4136,4000
1207,6368
1902,6368
7720,7393
7720,639
9632,10230
6158,5508
8221,1991
5730,1991
5920,4395
8177,4295
8519,5351
8519,8129
8102,3469
9219,4000
528,6368
6455,7393
7992,10230
796,1991
4531,4295
3052,5351
3052,8129
10326,4000
1665,6368
528,6368
5125,7393
5125,639
5125,6368
6012,4295
3042,5351
3042,8129
893,4000
10374,6368
6368,7393
3653,4295
316,10230
316,5214
6088,4295
492,7393
492,9173
1072,10230
1072,4312
8717,4295
9433,4295
6447,4295
10305,4295
3077,4295
391,4295
1510,4295
5025,4295
8510,6750
1962,5636
7473,877
7473,1722
7473,3710
5563,8852
7313,7738
5670,9247
7932,5533
1582,5901
6674,3795
2851,7283
1298,5763
1298,5763
511,3153
9538,3795
1802,7738
1818,5229
1818,6292
4506,3795
7473,4930
3795,6292
10386,2728
6906,2728
8987,1118
8987,8661
3765,7136
5302,5691
5302,5692
9921,3398
9921,8779
6228,7011
6228,10300
6228,3167
8165,1989
6230,4018
6230,8240
7283,4018
7283,8240
5386,4018
7150,2680
6901,2170
5339,1697
2200,1697
2200,4613
2200,4615
414,2170
414,3400
7042,8779
365,5290
1918,5290
1918,8041
1918,8779
427,8779
427,7513
427,6623
5010,7513
10082,8779
10082,7042
2198,10359
3866,7042
1918,6097
7786,5725
427,6623
5064,7379
9922,4636
3490,9563
4225,3022
9300,9713
1416,7552
4107,6171
7552,6352
5373,2061
1416,6913
9563,6913
9563,5199
1399,6650
9647,8998
1802,6650
8139,6650
9953,7121
1888,7707
10210,3022
10241,7399
7233,3812
2549,6650
2549,6783
2549,9940
4631,3182
3710,3737
1304,9458
6650,8998
6650,9751
3740,3812
465,7136
9929,3531
6236,8998
6236,2903
9263,1981
9263,2235
7739,3957
2803,1198
9927,4719
9927,5084
3562,4719
4201,4881
4201,4420
4157,3008
2331,3787
2331,6097
2331,3787
2331,6097
3847,9207
1739,7994
4461,5441
9461,2235
9461,8227
3957,7783
2836,9668
9751,7783
5185,8746
7258,4482
4738,3986
3453,4154
2404,7045
9804,3527
9804,7547
437,8493
1786,8621
1548,2353
3211,10241
3211,9984
3211,4123
4048,6307
10256,6257
10256,9984
6759,7704
3283,523
3283,10421
2196,1548
1548,7545
4418,8689
2107,8689
1782,7545
6247,8731
7094,8610
7094,8615
968,4324
5733,4129
6057,9933
10256,9759
6653,4154
5181,9933
6529,4041
2251,4389
9535,3633
1970,2673
4167,8523
7953,5778
781,1235
7900,7793
1891,4425
6151,3713
6146,ITALY (IT)
3818,917
6768,1327
6105,7867
3818,7684
4227,1245
8967,3655
7831,662
3696,5102
8967,6406
4981,4849
7831,4290
1867,9496
8903,3655
6167,6955
2816,8537
3090,5951
3090,8194
9219,9496
8193,2027
4882,9022
627,5938
3982,4335
8638,9276
3845,9276
10460,2581
6272,820
8564,7553
3845,2581
6859,6005
8296,5150
5184,7016
5801,628
2800,3128
7474,8779
7474,3398
9221,8661
9221,5605
9221,10300
2755,4281
2755,7097
7994,7783
7994,5118
7994,6764
744,7045
7318,523
7318,10421
7318,7545
2579,3058
9008,8523
8201,10151
2652,413
6125,3713
3861,9496
8422,8537
7820,9496
8564,6005
6003,5939
6003,5939
4886,6490
3693,7234
5723,7653
3552,5939
5353,7653
10061,6193
3956,5746
3885,5746
3802,4071
10416,6343
10416,6455
5789,6052
6872,9058
4244,9141
4004,6625
2832,4410
1942,5747
6908,6173
10043,7501
6189,6115
3597,7827
3597,10061
10329,5969
2414,5432
2826,2121
8918,3987
1455,2121
4521,2543
5949,4102
10092,4368
9552,3000
5928,7420
621,6498
4352,9425
8693,7660
2999,7125
2999,7126
9375,4415
651,7579
7366,4807
11578,8093
7474,2200
7474,8240
7474,8661
9221,7042
9221,2170
9221,3400
2755,2518
2755,9533
7994,8731
5135,7045
7318,4076
3971,3058
4167,8523
6305,10151
3588,413
10326,3713
7314,9496
4203,8537
2734,9496
7917,5939
7917,5939
5353,7653
3884,5939
3884,697
3884,7858
5167,7653
3885,5746
10416,6455
7653,9141
9762,7501
9762,1437
3430,2121
5125,4102
1983,4368
1841,3000
2304,7420
4317,7579
2068,8093
9221,2955
9221,3398
9221,8779
7228,3058
4227,8523
3915,10151
917,9496
6844,8537
10250,9496
7917,5939
5723,7653
6547,7501
7345,4368
9420,3058
3535,10151
1553,9496
4750,7653
4750,697
6702,7501
6443,4368
868,10151
6957,9496
269,7501
269,311
316,7501
316,5508
316,9138
6796,4368
8298,7501
9523,7501
9523,311
4004,7501
5125,7501
2459,5366
9726,8006
3265,5636
9713,1133
5569,8852
2051,9247
7552,9247
3795,6266
3194,7283
3194,10170
6995,3795
3022,7283
7283,6650
3022,6650
9713,3522
7707,8273
7707,3795
7707,7283
8852,UNITED KINGDOM (GB)
854,5350
854,6650
4796,3795
854,5350
9538,6292
3735,3710
7283,2728
1172,1989
8915,5627
4827,7011
4827,8661
3812,5223
6650,3167
9978,2325
6686,5223
6686,10065
7136,2200
7136,8240
8915,4018
1118,4018
1118,8240
1522,2889
2200,2170
2200,3400
2200,8240
3282,1697
3282,4613
3282,4615
2802,1697
2802,4613
2802,4615
854,2170
854,3400
2200,2955
10082,8779
398,5290
1918,3787
1918,6097
6292,427
6292,6623
398,8779
398,7513
6292,427
6292,6623
5503,8542
7283,6097
1177,5725
4808,6692
6401,7379
10181,5176
14107,9563
6577,3022
5403,949
1304,7552
7185,6171
7871,6352
8886,2061
1926,6913
4880,5302
2851,6650
2441,10087
2713,6650
2713,10210
9884,6650
511,7707
2508,7707
9332,3172
1428,7399
7229,7121
3758,6650
5073,3221
5073,10428
3812,3737
3649,9458
4269,3531
7173,3812
6950,7136
10069,3531
2943,3026
9333,1981
9333,2235
8209,3957
3686,1198
7924,4881
7924,8746
1293,4719
1293,8709
7283,3787
7283,6097
507,3957
7283,3787
7283,6097
7283,3787
7283,6097
9296,9668
2980,7994
8895,6764
7994,7783
7994,5118
7994,6764
7631,7783
4271,2432
4271,359
4952,7045
9751,9668
3274,9021
553,5118
4744,3995
8933,4154
3765,7045
6565,5571
9811,4941
2884,1172
2884,9887
4720,8621
5707,4789
1410,2649
9743,9927
9743,9927
8476,8493
6686,1548
8695,1001
7892,1385
7892,1653
6686,7545
8035,1548
3939,2111
4756,698
4756,2111
2386,5234
3148,7704
6238,6764
1786,1584
1975,5400
10134,6764
10134,8895
10134,8731
10134,3058
10134,3070
5442,4324
4455,5400
3747,7865
5689,9933
1172,7545
2495,3606
6356,5634
6375,8015
5326,10345
1380,8930
5930,6179
9554,9695
7623,2666
6532,8479
5784,3188
6152,4425
7300,10345
4227,3474
4588,7341
4716,342
4227,3655
4716,8702
10460,3315
8495,1267
4974,7017
3098,6659
5641,8153
6472,9445
4963,2625
6122,7885
9053,7572
4963,2625
7839,10191
10460,8537
10460,3655
4963,2625
7799,5738
7799,5838
2047,1967
5061,8159
10460,4133
8564,4133
1518,8842
3845,6323
1516,8564
6799,888
10460,4133
3845,4364
10460,2757
627,5938
5184,330
4034,6005
795,2906
3779,10300
9296,8746
1927,RUSSIAN FEDERATION (RU)
8938,7587
6800,1267
7831,7885
2793,2625
8564,4133
2876,4364
4034,2757
7190,6005
4430,2906
4886,6490
5641,6368
2134,7073
7679,7393
2182,8596
3468,6368
7643,8834
2400,5580
6090,6711
5789,6052
8892,6052
9006,6466
6702,4326
6702,2676
6702,5125
10416,6455
10416,6343
2548,5969
316,1688
10367,9168
10367,9086
10367,9193
1423,4474
6432,379
1913,4574
9006,5969
3597,7827
1806,6720
3427,8320
5726,7315
9386,6470
10148,5508
10148,311
6711,3285
4352,3988
2389,2155
8681,2696
7501,5110
7501,9836
1876,3320
9175,4368
1971,7276
5147,10411
10043,5351
10043,9855
8693,7660
3216,5366
2769,7800
444,5546
7366,4807
8507,6531
10122,10300
9668,8746
3168,8936
8225,7587
9219,2625
9643,6368
6358,6368
7881,6711
3625,6455
10146,1688
10019,4574
10183,6416
10183,2324
4695,5508
9855,3285
5125,2696
9129,4368
1880,5366
6184,6531
4844,8746
4548,3477
1628,7587
1665,6368
1405,6368
492,6455
492,7720
5244,1688
9091,5508
4750,2696
9089,4368
9655,5366
9309,8746
10189,7587
10393,6368
6343,6368
6161,5508
9466,2696
9199,4368
9402,8746
6626,7587
3468,6368
1500,6368
1178,2696
9070,4368
528,6368
1665,6368
9063,4368
2215,6368
1902,6368
2287,4368
730,6368
730,9866
7339,6368
7856,4368
2965,6368
2172,4368
8012,6368
2276,6368
9072,4368
9076,4368
9133,4368
9067,4368
9197,4368
2480,8006
5533,5636
8543,4221
5670,8852
2053,9247
8852,UNITED KINGDOM (GB)
7473,6266
1588,7738
7482,3795
3929,7283
1399,7283
9713,7283
1344,3768
1046,3972
9439,10300
5240,7077
5240,7371
5291,3795
4921,9816
6266,6292
7473,4930
9936,2728
6616,8661
8240,7011
10170,5373
10170,7011
10170,10300
10118,3167
10118,7011
511,3060
511,7710
6950,5223
3765,4165
7311,4127
7311,7550
1575,2889
2198,2170
2198,9242
2198,8240
6592,1697
6592,4613
6592,4615
4018,4613
4018,4615
4018,1697
4491,2170
4491,3400
2198,2955
427,8779
427,5290
1118,5290
2728,8779
2728,7513
472,6623
472,427
7346,1855
7346,9967
10082,10359
6292,427
6292,6623
10084,6097
2200,9524
6741,7379
10004,5265
5199,9563
10150,3022
949,6352
1802,7552
9563,6171
800,6650
2132,4670
2132,8017
3517,6913
4116,9818
3022,6650
4269,10087
5627,7121
2634,6861
1112,7707
9538,7707
3812,3364
8135,9383
7707,7121
3878,6650
1112,3531
1067,4269
3765,9458
1818,3531
1818,5441
9572,3812
6650,8998
6650,7136
6650,8915
9485,3848
9485,10166
5073,3221
3787,2235
3787,1981
2122,5302
4337,1198
4790,5229
1345,4719
1345,7233
6650,6732
6650,3787
4544,3957
9668,3957
9668,3957
9998,1487
9998,7994
3240,7994
4861,7045
2693,6764
2693,8895
8511,7783
2988,7631
4194,8398
7317,8957
3763,5319
8925,4016
5308,4461
4324,7045
3264,8006
3563,8493
4145,2425
4145,2426
9743,9927
7892,9927
8590,1548
8590,3700
8476,4303
5115,9984
8808,1001
5897,1548
1163,1548
2909,6307
2909,10134
8413,7545
1137,8075
6286,7704
681,8731
9945,9282
4149,2119
4149,4129
4149,4324
10142,1706
10142,3058
10142,3070
5559,3058
14649,574
6500,8612
10134,1061
10134,9017
10134,793
632,6371
7286,8395
1172,7545
5828,2859
7605,2607
5059,763
934,935
5930,5865
9486,3286
6000,4331
7623,2666
7623,7867
7623,8310
5208,917
6153,3892
3818,4909
10313,8296
4227,3655
6768,1327
8296,3315
4716,10345
6151,3713
8162,1267
4974,7017
8495,1267
3185,5028
7206,10128
8986,4669
1356,1449
4799,2543
1351,8557
4000,6955
7831,3209
5061,8990
5874,1353
5801,628
4691,6955
6799,888
8564,6424
10460,2757
4034,3128
3845,2581
3982,4681
7190,8766
1518,9327
1343,2728
1343,2889
1343,3580
9221,4018
9221,8240
368,1336
368,8779
9296,9668
6733,698
6733,2859
6733,7640
10134,3659
3089,1595
5031,9908
3185,1449
1252,2543
7940,8557
9253,6955
778,1353
10460,5239
8116,2581
3953,6545
4886,6490
3799,7326
7248,7653
7015,9866
1961,6802
1961,6802
9819,6297
10416,6343
10416,3227
4267,6802
6702,5125
6702,2676
6702,4326
3495,6566
5508,4468
2100,8642
3869,9163
5804,9173
7501,2236
7501,3285
9508,6599
3728,6426
3597,8320
3597,10061
9150,6982
5311,5785
5311,7718
8381,7321
5311,7718
5311,5785
5311,9173
1039,3434
5566,9540
2608,7419
7664,5174
7904,5174
7760,4648
2303,9058
5258,8292
5470,7854
4766,5937
5081,4404
4084,7846
4313,8055
3623,8507
7735,5366
4771,6937
1343,5223
1343,7136
1343,10065
9221,2200
9221,2447
368,3319
368,4806
4844,9668
6733,10421
7480,1595
4230,9908
4740,1449
1442,8557
8762,9866
8762,2086
4555,6802
4267,6802
1961,6802
3227,5125
1920,9173
5723,7321
9686,5174
2835,5174
9471,4648
3789,8292
3216,5366
9309,9668
7585,9908
6984,1449
9729,9866
539,6802
10425,6297
492,5125
492,7720
1178,9173
2241,5174
9398,5174
6874,4648
1896,8292
9402,9668
5089,1449
6773,9866
10112,6802
9631,6297
9631,6802
1142,5125
2275,9173
6116,5174
9686,5174
5095,4648
1718,8292
9792,9866
9632,6802
6343,5125
6343,492
1589,5174
2242,4648
10208,8292
2569,9866
4267,6802
6116,5174
9611,8292
4750,9866
834,6802
995,5174
10279,8292
9848,9866
6074,6802
6963,8292
9716,9866
3303,8292
9860,9866
9856,9866
8535,9866
2276,9866
8570,9866
19065,9866
5187,9866
6368,9866
7780,9866
2594,9866
5132,9866
6455,9866
6418,9866
6343,9866
4089,9866
9766,9866
549,9866
4206,9866
975,9866
2719,9866
9415,Unknown
9188,9866
9778,8006
6331,5636
9249,UNITED KINGDOM (GB)
9235,8852
5563,9247
9234,9247
10002,7283
5569,7738
9394,3795
7727,7283
7707,7283
1399,7283
3686,3768
1789,4930
7969,7077
7969,7371
1725,4746
1725,7972
1725,7996
5240,7077
5240,7371
6901,6292
854,5350
9978,2728
2220,2728
1079,7136
7283,7011
7283,8661
3374,3522
3374,4956
1276,3060
7136,5223
7136,10065
4827,5203
4827,5856
4827,7540
3765,4165
4375,8779
4375,3398
5205,2325
1438,1989
10390,2170
10390,3400
1622,2955
8240,7617
8240,7042
8240,2955
1919,5290
6292,6623
6292,427
3167,3787
3167,6097
6922,3787
6922,8826
6292,427
6292,6623
4018,1150
4018,1853
2200,9524
2198,9524
8915,7379
1177,5725
5639,9563
1217,3364
5971,6352
1845,7552
840,6352
3878,6650
7185,4876
4195,6913
1399,6650
7707,6650
9940,10087
9953,7121
7351,7121
1304,7707
6631,7707
9713,3758
3649,9458
9947,7121
6616,6650
1802,3737
2508,5441
3517,3787
3517,6097
5377,5441
2980,7233
8139,3878
7636,3531
10428,2325
3649,5302
5513,1198
1568,5441
5229,5441
5666,3957
7783,3957
7542,3957
7542,4487
9751,3957
9751,4719
4719,7994
4719,1487
6221,7994
3957,7783
1872,8895
1872,6764
1872,5093
8915,8731
319,7783
8606,10109
2988,8746
6239,9282
3212,6085
3335,4194
5862,4461
8626,7045
6727,6214
5412,4941
4946,2080
4946,2065
4946,3823
777,8493
7026,8493
3019,9927
4893,1385
1230,2723
1230,3652
7718,10147
10137,6307
7892,1385
7892,1653
10162,4123
7808,1548
3858,6307
3858,6529
3858,10134
5418,1548
6686,7545
8612,1584
3560,7545
569,7704
6833,4489
1584,895
666,5400
9959,3058
1584,3058
1584,3070
4349,4324
1838,1464
3104,6979
7196,2777
7196,895
9228,1041
9580,1295
5341,10288
8348,6789
5453,1720
6275,3951
1970,878
8357,5285
6074,342
6395,8979
13463,6101
3818,10345
423,1283
9486,3286
8296,8479
6724,10345
3696,5102
10364,3892
8296,2348
845,2838
8714,2840
626,4289
4026,1155
8986,8537
335,6190
335,1449
8088,1126
5901,7269
4136,4698
456,6955
1868,3460
2994,1967
4203,8537
10460,2581
10460,10083
3845,2581
3980,3128
6799,888
2973,2906
3781,1797
761,3039
4027,5292
3167,8779
3167,10300
2198,1697
2198,4613
2198,4615
3421,8779
3421,7513
1584,8051
9980,1053
7988,342
5388,2838
4170,1155
4203,8537
2973,6955
10076,3460
2511,8537
899,2906
341,1797
8756,5292
9766,2073
492,7393
3801,8742
7592,10251
2569,7393
8592,10248
7992,7720
7992,9173
9686,6566
2283,6455
2283,7720
2276,2089
3869,449
3869,8898
4267,6802
4267,6802
1423,4474
10367,9168
10367,9086
10367,9193
10367,9086
767,6720
1806,6720
6158,8898
2451,7086
3597,7827
3597,10061
1777,7805
862,12042
4352,3988
6185,5276
430,2481
6711,3285
7619,5276
7619,4231
10043,7992
2929,9173
7732,8722
10043,7992
10043,8129
3487,4508
8868,7915
8868,1973
10315,5937
1959,8929
6594,7525
3167,7011
3167,8661
2198,2955
971,8779
971,7513
1584,3508
8970,1053
6074,342
2911,2838
8970,8537
2736,1797
8858,5292
5187,2073
7679,7393
7015,7393
3625,6455
3625,7073
1961,6802
9374,2481
9166,5508
725,5276
10183,4741
10043,7915
10043,1973
8469,7525
3167,2200
3167,2170
3167,9978
1584,4324
1808,2838
5734,1797
6697,2073
6455,7393
7644,6052
7501,6455
7501,7720
1806,6720
5521,4741
10176,1797
9061,2073
10224,7393
1147,4741
6648,1797
8307,2073
7720,7393
2276,7393
9794,8006
7313,5636
2231,5299
9247,8852
5569,9247
10386,9249
746,7738
9234,7738
10285,3795
9563,7283
7945,7283
5694,7283
735,3795
7473,4930
9713,7283
854,5350
7969,7077
7969,7371
7707,6292
5302,5691
5302,5692
10172,2728
2708,2728
3710,7136
10397,7011
4921,9816
3768,3060
1118,7710
1118,5229
2889,1522
2889,7540
6686,5223
6686,10065
6382,5223
6230,3398
6230,8779
3710,1989
8270,1697
9743,8661
9743,2325
9743,2955
2331,2955
7540,2955
7540,5290
2065,5290
7042,8779
7042,7513
7136,9325
7136,2230
4889,6097
4889,3236
2200,7042
2200,1186
1057,1855
1057,9967
8735,8146
854,7361
9967,7379
2198,5725
5703,9563
6515,3420
6515,6439
6515,7707
7552,6352
3022,7552
9713,6352
6783,6913
694,5302
5199,6913
1802,6650
8998,6650
7511,10210
7552,7707
7552,7121
5302,7603
1603,7707
7552,7707
4263,3758
3828,7136
3828,8915
6960,6650
3710,3737
9458,7136
3082,2235
707,7121
7965,7233
7136,2235
7136,9458
1513,3649
1513,8017
1513,8403
3451,2577
3451,6477
3710,5302
7713,1198
3133,5441
5866,5441
7351,3957
9668,3957
1067,4121
1067,6219
9424,4254
6988,7994
4719,7783
2971,8895
2971,6764
2971,5093
3119,8815
4006,7783
883,10207
4889,6097
2605,4482
1151,4461
6436,7146
5211,3015
9269,7055
2884,3015
1062,8144
2713,6640
2713,9887
5287,2614
3063,8493
2057,3051
2057,5959
2057,6304
3566,3808
1621,6740
6554,9927
5324,10147
5761,6307
3865,3284
3106,5869
7656,1548
531,2065
531,5234
3700,1548
1375,2425
1375,2426
6686,5400
4324,1584
2292,7937
5191,6627
4260,6501
3617,6764
7160,3058
7160,3070
6307,7704
6307,547
6307,3508
6494,3058
6494,3070
1220,4324
2931,5400
7816,1226
3793,4789
3793,4041
2598,1061
2598,9017
2598,3659
10134,793
10134,1061
10134,9017
10159,8051
10159,1691
2435,4435
4227,8523
8238,1712
781,1235
3365,10339
8201,3947
5517,2529
781,1235
6105,1235
7671,4537
1891,1126
1891,1441
1891,270
8296,10075
6724,8030
10326,3713
10460,7684
1891,1126
8158,6633
8714,2840
8967,4451
7412,728
2637,425
9219,1441
3845,7525
4882,986
2793,2625
7549,9440
3850,3655
9253,6955
3138,4364
2511,1092
8564,2581
5740,8766
6518,8766
3845,2581
1449,356
341,9345
1182,8095
8640,2027
3167,8779
3167,7011
3167,8661
9296,8746
3193,2555
2598,2015
2598,6798
10134,3659
8390,1181
1182,6633
2516,728
1440,1441
4963,2625
5837,9440
8965,2027
9151,6965
5469,8190
8762,9866
9366,9059
7248,7653
8839,5939
4184,7767
4750,6802
9006,6466
2347,7524
952,5580
2283,7720
2283,9438
7050,7315
6343,9160
9853,9602
316,1688
2100,8642
3870,5508
10043,7827
10043,7992
9150,6982
7531,9946
5723,7321
9110,8507
10043,8298
10043,8320
10329,5969
902,5508
1645,3434
1921,2269
1493,4368
7629,5270
8940,8288
5493,1608
1873,9370
10043,8129
10043,7992
4586,6383
6374,4648
5771,8713
5771,7071
8288,9425
6822,5483
3167,10300
3167,2325
9668,8746
9282,2555
3708,1181
8367,3474
3308,6633
1557,9440
7015,9866
5353,7653
3552,5939
1961,6802
492,7720
492,6455
9762,5969
6158,5508
5620,2269
536,5508
642,4368
4346,9370
3141,4648
8101,9425
3167,4018
3167,8240
4844,8746
6824,1181
7897,6633
3326,9440
6773,9866
2920,7653
5187,5939
4267,6802
7976,5969
5621,2269
6796,4368
7518,9425
9309,8746
7720,9866
10061,7653
9632,6802
9632,6297
4998,2269
19065,9866
5167,7653
9087,2269
9792,9866
5723,7653
9071,2269
8729,9866
8729,5697
4750,7653
9174,2269
2569,9866
5566,2269
2086,9866
9860,9866
6150,2269
7527,9866
6131,2269
5187,9866
6147,2269
6368,9866
6166,2269
14105,9866
6137,2269
6418,9866
9088,2269
10420,9866
476,2269
7780,9866
9076,2269
9188,9866
5624,2269
584,9866
584,9173
5618,2269
975,9866
2307,2269
6343,9866
4384,2269
4326,9866
4326,639
2588,2269
2248,2269
2594,9866
9157,2269
9158,2269
2036,2269
2181,2269
541,2269
697,2269
2212,2269
7860,2269
4307,2269
9069,2269
2492,2269
5260,2269
2401,2269
2204,2269
6470,2269
442,2269
3078,2269
9284,2269
2093,2269
7108,2269
9837,8006
1069,5901
1046,5373
9249,UNITED KINGDOM (GB)
5670,9247
9713,5627
9362,7738
10155,7283
8149,7283
7707,7283
2740,9776
9713,9807
9807,7283
9746,6650
3773,7136
5240,7077
5240,7371
7707,6292
5373,3374
2781,2728
2781,3795
3765,7136
3765,7710
3710,7136
10392,9816
5901,3060
9807,7011
3710,1989
6977,5856
6686,5223
6686,10065
4401,4018
11051,4018
11051,8240
11051,2447
3735,1989
365,1934
7150,2680
4127,2955
1697,1855
1697,9967
2170,5290
1081,7042
1081,3787
2198,6097
2198,3236
4630,8661
2955,7379
4138,8661
2200,5725
7552,9563
4880,4917
4624,6445
3517,7552
949,6352
9947,6913
284,6650
9237,6913
5302,6650
10428,6650
7707,10210
1304,7707
1304,7707
9538,7707
8790,7707
7552,3812
5739,7136
5739,8915
9884,6650
3812,3737
10150,7399
4002,2235
6950,7136
7975,7233
3768,4303
618,5229
521,9751
3768,5302
8662,1198
5205,5441
6960,5441
3878,2235
7542,3957
7542,4487
4613,2235
4613,9458
2560,4719
2560,7994
7965,7994
7631,7783
4533,8731
4533,3787
4533,6097
10210,8815
5991,7783
7994,7783
7994,6764
7994,8731
8558,3376
8558,5729
4461,7045
6449,5118
2605,4482
3931,7160
4884,3615
8556,10321
4437,7547
4437,2713
4437,6214
2597,1653
2760,1172
6672,5881
3968,8493
8609,4379
10124,5016
10124,3084
8268,9927
1454,8493
6072,6307
6072,1872
1579,1653
3865,3284
6686,965
5052,3725
5052,2649
6632,1548
5332,2425
5332,2426
582,8075
10395,8075
9518,7545
4149,4324
3107,1584
2926,1211
6602,7099
1220,4324
8176,6397
5798,3058
6619,4129
5586,2555
3099,5400
9888,4661
3550,4986
3550,1041
2150,782
6072,2791
875,7661
4167,8523
4227,5152
6362,2652
8113,3636
5612,6440
3818,7114
9219,3991
423,7341
423,3474
6724,7684
8967,4451
4974,7017
6647,4362
1284,8321
6472,8296
10429,4592
5871,4133
7839,10191
4136,2027
7900,7814
5738,3689
6284,2865
7875,8842
4430,2625
5484,9496
6174,1967
8564,6424
5738,3689
10460,8531
7355,7182
3716,5871
10176,6933
5958,3619
1046,3972
1046,7384
1046,10170
3167,8779
3167,3787
3167,6097
5024,7042
5024,8779
5024,3787
4613,9338
3594,8493
10124,9688
10124,9692
10124,9927
2774,6188
1585,3694
8365,6444
6769,4592
3500,8842
4963,2625
847,9496
5734,5871
6121,7015
5697,8750
19065,9866
584,9173
584,9866
584,9173
653,7858
653,697
6090,6711
2276,7720
2276,9138
2276,9173
4267,6802
6368,7718
6368,7992
5187,9849
5187,3597
1750,7748
5836,7889
6343,8641
2100,8642
8705,9452
10043,7992
10043,7827
824,10061
3233,7501
2222,9419
3427,8320
6547,7992
4339,6470
6251,4633
6702,7391
5365,3860
9707,2272
3425,5753
3860,4410
6162,5508
8416,9361
7518,9425
5174,9288
8562,6635
3216,5366
4453,8288
9672,6735
7132,9571
8467,6175
1466,7744
1046,7283
3167,2230
3167,3418
5024,4758
5024,2230
4615,9338
9988,6188
3001,3694
9995,6444
892,2625
6142,FRANCE (FR)
7015,9866
4326,9173
4326,9138
6343,9173
4653,7858
7881,6711
6343,7720
6343,9173
1961,6802
9081,6599
5313,10061
4004,7501
10043,8320
10043,8298
9600,9425
9592,6635
5646,8288
5654,6735
7536,6188
1204,3694
4509,6444
639,7015
4782,9866
3884,7858
3884,697
3884,5939
9716,7720
9716,9173
5369,10061
5125,7501
9489,3694
9135,7015
9135,9866
9135,2021
7720,9866
7720,639
492,7720
492,5125
492,9173
7321,10061
5730,7501
7477,3694
1998,7015
2569,9866
2207,10061
6547,7501
6547,9173
584,7015
9716,9866
9716,2021
9716,2387
722,10061
10043,7501
5125,7015
1779,9866
8844,10061
2283,7501
2283,9173
5804,7015
7780,9866
1178,10061
9189,7501
9189,9138
6343,7015
6343,9173
3597,10061
3597,8320
6418,7015
4643,10061
7720,7015
7608,10061
9866,7015
2192,10061
2580,10061
799,7015
799,2021
6185,10061
1843,7015
7171,10061
3872,7015
3872,639
2920,10061
3979,7015
5168,7015
4431,7015
4431,639
6773,7015
4750,7015
9539,7015
9539,2021
9766,7015
5187,7015
6697,7015
9061,7015
8307,7015
4571,7015
7283,8006
3060,5901
802,5533
9563,8852
7552,9247
2080,5627
511,5627
4657,4701
7707,9528
7707,7283
10047,7283
9884,7283
5302,4701
7185,5302
7185,6650
7945,7283
8836,6650
5293,7136
7969,7077
7969,7371
5240,7077
5240,7371
7473,4930
3765,2728
3765,7136
4701,7136
3765,7136
3765,7710
7011,5721
7011,6292
7582,3398
7582,8779
6570,7011
1918,2170
8735,5627
7042,4018
7364,1989
10388,2708
10388,2445
10388,3725
691,2955
7283,2955
2955,5290
1118,6097
1118,3236
4889,6097
4889,3236
7288,9584
6467,7379
8846,10300
1522,5725
9336,9563
949,6352
9713,7552
3737,7552
1217,6352
1018,6650
9563,6913
5467,6650
6913,7707
3521,7707
1603,7707
7552,7707
3462,8998
596,6650
5627,8646
2634,6738
634,3812
5302,7603
5649,2235
5046,7380
1019,8998
1818,5229
1866,5302
1106,9751
1568,5441
3003,2508
6183,5441
8631,5441
1517,7958
1517,5118
1517,4154
5921,2235
4615,2235
4615,9458
2623,4719
2623,7994
9998,7783
9751,9668
6053,7783
7541,9338
1118,6097
1118,3236
1624,7007
3763,4482
2432,7663
6215,4941
5907,5279
9975,3015
1062,5881
1502,10321
10158,7668
9217,9534
4210,6640
3784,10376
2184,6740
3593,8493
577,681
3079,1211
3079,5234
4180,8493
4180,5811
4587,936
4092,2425
4092,2426
8984,6307
9898,2065
2504,6307
2504,10134
7063,1001
1555,1899
1555,2065
1555,4324
9376,282
7819,4324
7409,7545
6795,769
6795,7273
838,4324
838,7806
329,1211
5824,1933
5824,4791
4877,1691
4877,2267
4877,8051
3606,2823
3606,3351
5583,1584
9986,2901
8486,6979
8486,8612
3938,1872
7289,4789
7289,4041
7289,8395
8380,5523
9626,5431
9626,10171
2237,5529
2237,8395
7037,4784
8819,6440
6726,8936
1970,2673
9357,1283
4111,3157
8727,1332
7988,342
6824,3222
6824,8702
6105,7602
9578,4425
6724,10399
8967,3655
5011,2829
9219,1441
1160,9276
8385,4716
8903,3655
5871,8566
6552,1155
3090,2964
3090,6891
4985,8759
8564,10075
3855,9315
9007,4647
5484,7708
8564,8766
6272,820
3845,9443
7190,5850
3845,9443
714,1724
3845,2581
3167,8779
3167,7011
3167,8661
987,5223
987,10300
2744,1046
2744,897
2744,1044
1980,10359
1980,3787
1980,6097
564,7994
615,7045
3079,8493
3079,5226
7318,526
7318,2649
898,8621
3211,5431
3211,10171
1585,3694
10326,3655
2330,2829
387,4716
3068,1155
6975,9315
3203,2581
5697,7048
2086,9866
2086,2569
584,9173
4326,9138
4326,9173
8729,9138
8729,5697
2985,8603
9632,6802
4184,8750
8947,9419
3625,7073
3625,6455
5125,7720
5125,3016
3923,5746
3341,8418
3341,8418
6343,8643
4602,9192
1806,6720
3597,8320
3597,10061
5311,7718
2929,9173
3597,7827
4766,9441
9109,8507
2590,8094
5723,7321
2339,5171
1167,6389
732,9762
6488,4043
6040,6288
6509,12042
5588,5489
8701,10043
2313,9138
906,9956
7518,9425
9029,7038
9948,5465
1576,8507
7537,7039
9918,9058
4317,6182
4317,9355
407,7915
3167,10300
987,2447
987,4018
987,8240
2744,8650
1980,2230
1980,4758
1980,7042
5564,7994
744,7045
7318,5400
7318,9688
7318,9692
2698,8621
3001,3694
4315,9315
7015,9866
1961,6802
9716,7720
605,6288
9078,9138
5251,9956
5541,7038
7752,8507
6278,7039
1980,8779
1980,3398
5135,7045
1204,3694
7265,9315
4782,9866
4750,6802
2283,7720
9044,6288
6510,9956
2372,7038
8685,8507
5674,7045
9489,3694
19065,9866
4267,6802
492,7720
492,5125
3366,9956
1717,8507
6690,7045
7477,3694
7720,9866
7720,9173
3884,7720
3884,697
3061,8507
8037,7045
9766,9866
4734,9956
10320,8507
8935,7045
1421,9956
5946,8507
8906,7045
7527,9866
8847,9956
1649,8507
5187,9866
5187,2387
4386,9956
7071,8507
6129,9866
2565,9956
6564,9866
341,9956
6129,9866
619,9956
5153,9956
7886,9956
3506,9956
8382,9956
3730,9956
4948,9956
8812,9956
3638,9956
9843,8006
7283,8852
314,5901
9978,8852
8852,UNITED KINGDOM (GB)
3022,5627
2012,5627
5302,4701
5302,7313
432,7313
609,7313
6630,7283
6630,9247
10065,4701
854,5350
9978,7283
9978,8735
5240,7077
5240,7371
8649,7136
566,7136
566,8915
7969,7077
7969,7371
3812,5223
5223,2728
5636,7136
6950,7136
412,6283
6693,4708
7283,7011
7283,8661
2369,2170
1079,7540
1079,10300
2200,8240
10082,4018
7150,2680
8424,1989
7150,2680
4018,2955
4018,2955
4018,3787
4018,6097
5229,5290
4889,6097
4889,3236
4407,6097
4407,3236
8148,10359
3727,7379
9461,10359
8915,6062
9713,7552
3082,7552
4195,7552
1416,6352
7997,6650
9690,6913
7707,6650
5072,8706
3542,7707
6913,7707
3292,8202
7136,9458
4271,6650
6960,8915
7351,7121
9646,5302
9646,6477
5627,8646
7707,5441
1172,9458
1303,8998
1513,5302
3710,5302
10210,9751
7200,6657
1064,3520
6960,5441
8779,5441
5714,4719
7136,2235
7136,9458
9743,4719
9743,5084
10144,7783
4271,2432
4271,359
7631,7783
2903,6097
2903,8323
7994,7783
7994,2555
3765,7045
7790,4768
4988,7663
1560,3015
1560,5211
7308,9823
7308,6304
5907,5279
10158,7668
3238,4941
2597,1653
7892,1385
2128,5881
4839,1001
4839,8183
10039,282
6400,6814
4100,7930
3700,1548
6036,681
2164,2425
3065,6740
4180,8493
4180,5811
3622,3622
4619,8476
8215,3839
3562,287
4330,5700
4330,6428
2210,6371
4238,2859
4238,3895
4238,8617
3579,5418
3229,2065
10023,417
10023,1226
5897,7545
3669,4505
1172,7545
660,1211
848,895
9430,5986
1555,1899
7704,3058
7704,3070
2860,6109
8677,4278
6637,574
9558,4768
4324,968
4324,2555
3466,5400
5026,10299
9511,8726
2453,1194
6726,6188
498,4859
1142,4000
1142,5152
6651,5208
9980,8310
6762,917
8401,8418
6105,342
9578,4929
6724,3315
3977,8479
10037,4290
7075,3689
1326,2543
2995,1065
4292,4203
2816,8537
7607,1094
335,6190
4882,9022
3090,5951
6767,3689
9270,6178
5484,9960
5970,7012
3716,8539
4034,2757
10250,10463
909,330
3203,6005
8033,1046
8033,897
8033,1044
9751,4613
9751,4615
3103,7994
9461,7045
4911,979
4230,9908
2820,10463
3634,6005
1764,7180
5349,9303
5743,9137
4750,9137
2021,4465
2021,5697
5125,9173
2624,8598
9568,9287
10418,9907
6343,7720
6343,3227
6368,7992
6368,7718
3869,8898
8608,8763
2100,8642
7718,7471
7718,2590
7718,3285
7179,8859
3597,8320
3597,10061
732,2407
732,5476
3597,8320
3597,10061
3597,10061
3597,7827
3597,10061
3597,7827
10043,8298
10043,8320
7870,7912
902,5508
6165,6470
1039,3434
5588,5489
4954,6319
10329,5969
6162,5508
1167,6389
8871,1911
4578,10043
8600,9937
9592,7525
4586,6383
2321,8837
2610,7525
1904,3664
6822,6423
7535,5351
8033,8650
9751,4719
9751,5118
2274,7994
6019,7045
9223,979
7585,9908
3597,9137
5353,9137
7780,9173
2276,7720
2276,5125
460,6470
905,5508
7501,1911
7521,10043
3052,5351
5458,7045
8820,979
5353,9137
7248,9137
4851,9173
4004,7720
7827,6470
10043,5351
4184,9137
3597,9137
1339,9173
2283,7720
2283,6455
3782,9137
584,9173
7501,7720
7501,6455
3333,9137
5743,9137
1759,9173
492,7720
492,5125
10212,9173
9152,9137
357,9173
6418,9173
9037,9173
2249,9137
492,9173
492,7393
7814,9137
3884,9137
3884,5939
9319,9137
9881,9137
522,9137
7669,8006
3795,9247
1069,5901
9234,9247
5373,5627
5373,5627
5636,4701
465,7313
4827,7313
2132,7313
6606,4701
6606,6861
6913,5763
7077,7371
7969,7077
7969,7371
3587,7283
1186,7283
10065,7136
854,5350
6228,2728
6228,7011
10386,7136
8483,8273
8240,6292
8240,7011
6950,5223
7285,7011
7285,8661
2708,2325
1118,10300
1118,7540
7285,8661
7285,8240
1118,4018
1118,8240
1947,4018
469,2170
3752,2833
9965,2955
3167,2955
3167,8779
5642,5290
4407,6097
4407,3236
2200,3787
2200,6097
3765,1057
3765,561
3805,7898
9537,10397
5084,6562
9778,7552
7185,7552
4255,7552
1845,6352
1416,6913
1888,7707
511,6913
521,9953
6913,7707
7552,7707
507,9383
9713,10210
5088,6650
8966,8915
7707,7121
494,6650
5839,8972
9936,5441
3710,9458
8423,8998
5302,7007
5140,5302
6657,9751
6657,3887
10210,6657
1859,3520
707,6657
2331,6732
7994,4719
5627,4613
5627,4615
9743,4719
9743,5084
9743,2235
3523,4719
3523,7994
765,8746
2988,8815
7136,10330
7136,953
8473,8731
8473,10302
8473,2466
8915,8398
8915,4194
7005,7045
7984,5118
5084,7663
8739,5226
9789,4941
9789,9665
9789,5539
1062,5279
5080,4941
6853,1217
2597,1653
5418,7930
1807,3615
6728,282
3932,282
3932,7668
3932,7934
8881,4210
8881,7063
1407,5418
9034,10147
3379,5637
9743,9927
6336,8114
5343,2425
5343,2426
5343,2458
6287,2425
6287,2426
6287,2458
7211,8476
1218,8075
3186,2111
3186,5445
9831,2065
9831,9736
2288,2065
2288,7835
9510,1548
3314,7811
3314,8247
7935,5400
8137,14649
1163,7545
9556,4129
9556,5234
9556,4149
2107,418
2107,1226
4036,8731
4780,992
8634,2777
8634,2555
10378,4129
1272,3058
1272,3070
1272,7704
8743,3058
4186,6109
8293,2555
8140,4278
8140,8677
8140,5370
6056,4041
2521,8380
4646,6808
2385,5133
19056,3089
2896,716
498,4859
3798,9303
6362,2652
4716,342
4227,3689
8967,4716
6724,845
1310,4256
7872,2838
4000,6955
10460,5871
5874,1353
1146,6880
8389,4270
1518,7836
5184,2908
6936,2906
7341,8007
5484,2097
627,5938
909,330
9270,6178
8564,8531
3634,7836
854,1046
854,897
854,1044
4613,9338
10218,7045
6287,6307
9238,8007
3203,7836
374,7238
6804,9661
9366,9171
5677,5122
3577,9171
7780,10012
2021,9140
539,8750
3227,10019
2289,7745
2985,8603
500,9366
500,9438
3869,8898
3597,8320
1050,8898
5311,5785
3324,8418
824,9172
4414,9173
10043,8320
10043,8298
8856,9855
5521,5756
5521,4043
8701,6978
4352,3988
9032,4705
9032,4778
3565,6254
10329,5969
6164,6470
2929,9173
9758,9956
7809,7677
8101,9425
651,7851
3775,4469
7429,6635
2068,8093
854,8650
4615,9338
10302,7045
4167,5285
6427,9171
1256,9140
2268,7745
6865,2936
2929,9173
597,6978
3427,6540
10226,6254
9494,5969
1175,7677
4317,6635
5490,7851
6858,4469
4870,7045
10057,9140
7976,5969
7261,7677
651,6635
7108,7851
4453,4469
410,7677
8540,7851
4936,4469
3610,9140
8861,4469
10019,9140
2157,4469
8869,8006
8852,UNITED KINGDOM (GB)
7818,5901
9249,UNITED KINGDOM (GB)
7283,5627
7283,5627
5992,4701
1242,7313
2132,7313
9706,7313
9706,7738
10268,4701
10268,6861
8543,7283
8543,6650
1802,7738
9807,7283
9807,8661
9816,7283
2728,7283
7077,7371
5302,5691
5302,5692
6616,2728
452,7702
4631,8515
4053,7011
5302,5691
5302,5692
4401,7388
9978,2325
2200,7540
1186,8779
2802,4018
2802,8240
2955,4018
7710,2170
7140,2955
867,3294
4118,2955
4118,10300
7540,5290
3167,3787
3167,6097
3167,7042
1336,9429
1336,3575
7134,1057
7134,561
7140,7898
1118,1186
1118,5024
427,6623
9563,7552
8966,7552
14107,7552
2749,6352
3517,6913
3543,7707
1304,7707
2132,8017
2132,9458
511,7707
511,10087
1802,9940
1206,10210
6960,6650
511,7136
511,8915
721,6650
721,10247
7739,8972
511,7136
511,8915
3765,9458
1304,9458
5666,7351
6425,5302
4938,3026
1513,7233
7283,3520
5578,6657
2655,7783
10161,4719
8915,4613
8915,4615
7047,4429
6114,4719
6114,7994
2417,9458
9775,10050
5931,4791
5931,1933
7541,9338
9751,8731
9751,8895
2417,9940
2417,6097
1974,7045
553,5118
10241,7663
5080,4941
2165,4755
7082,2797
655,1385
8554,3771
3354,1172
3354,3384
6298,1385
1062,5881
5664,1385
6640,9887
8206,5891
5925,3264
4051,282
6530,8493
1374,681
5851,1548
3905,8493
3905,712
3905,3746
2395,5164
6010,2978
6010,10342
7154,9549
3229,3084
3229,8493
710,574
710,6307
710,8937
8962,10051
7718,5234
4502,2859
4502,8617
4502,10421
2952,8075
7776,9549
1139,7704
7759,6764
7759,8895
3581,7704
14649,6764
14649,8731
14649,5118
8546,2119
7612,6048
5486,2119
5486,2485
7554,7704
5798,3058
5798,3070
394,4324
1164,5400
2914,6979
9727,5634
9727,5547
8408,4899
1282,10070
9476,4560
272,5657
8325,9920
8113,3636
10326,4000
6152,7602
4227,2896
8355,9357
6552,1155
8296,2348
781,1235
10460,14152
3845,7779
5148,6517
4882,986
1617,5938
7875,4966
7875,4966
8909,1590
4766,4397
1449,356
890,519
3273,6424
3716,6403
3203,8194
7290,7631
4211,287
4211,1897
4211,3094
7107,5938
7780,9173
5677,5122
2100,8642
7248,10112
2215,9437
6455,10372
2187,10251
6069,8598
2624,6069
2624,6070
4499,9379
8993,8992
5311,5785
6703,8919
393,10061
5630,4473
3880,8496
8749,2936
2276,5477
5311,5785
5311,7718
5311,9173
10043,8298
10043,8320
9707,2272
732,7718
7870,4043
9032,4778
9032,4705
311,9836
7239,6290
1921,2269
621,6498
9141,5126
9672,9448
9506,10043
10043,8129
7280,7040
8053,9490
10043,5351
10043,8129
2821,4477
8973,7854
8101,9425
7400,7631
4211,3895
4211,4019
4211,7811
9729,9173
354,10251
4982,8750
3597,10061
3597,8320
5619,4473
4730,8496
8849,8298
8849,10043
5311,7718
5153,4778
8157,9836
8701,10043
7994,7631
4211,4789
4211,4969
4211,5917
6368,9173
7521,8298
1533,7718
9762,9836
584,9173
4578,8298
1985,7718
7501,9836
7501,5110
492,9173
492,2569
8871,9836
14105,9173
5251,9836
3577,9173
19062,9173
6497,9173
7105,9173
3888,9173
1766,7514
9978,8006
511,10386
8163,5901
10141,9247
2583,9249
9978,5627
7305,4701
1246,7313
3528,7313
6669,7384
10371,4701
10371,6861
4657,7283
2500,7738
5964,7283
8661,7283
1802,7738
1458,7738
6901,6292
6754,2728
4631,5627
9807,8515
9807,7011
7285,7011
7285,8661
7493,7388
2220,2325
2220,10065
2198,7540
1568,8779
4889,4018
4889,8240
1118,4018
1118,8240
2200,2170
2200,3400
1989,4613
1989,4615
1989,2955
10065,3398
10065,8779
398,5290
7513,3575
7513,9429
7513,9230
10082,1081
10082,10359
3200,7898
6571,1186
6571,5024
7994,6873
8579,10263
4951,7552
2998,6352
4195,6913
6631,7707
3022,7707
3022,10087
2132,9458
2713,10210
2749,10210
8915,6650
5302,7233
1018,6650
1018,8998
8209,8972
8995,7233
7285,10166
2605,9458
4012,8998
7136,5302
5411,3026
6550,8200
10144,3957
10144,4487
7389,6657
3887,7783
7199,7958
7199,5118
4832,4719
8805,4719
1340,5118
7632,10207
1616,10207
6960,3787
6960,6097
2777,2555
8915,8895
8915,6764
6807,10302
6807,2466
1772,8323
5980,5504
359,7663
7691,5881
7691,7892
8304,8493
10094,5539
7581,7668
7581,7547
7581,4219
9827,2713
9731,8008
4551,4306
5418,7930
7177,4308
2760,1172
6689,1172
8739,8493
3065,5571
6616,8006
8653,8621
6686,965
10414,2425
10414,2426
10414,2458
5913,6686
6300,5164
4660,6686
301,2649
3197,6994
7718,5234
6257,6428
831,5583
1410,10051
3584,3537
7304,7545
10027,6764
10027,8895
5662,3120
6673,3910
10256,2823
10256,3351
10256,8731
7790,8731
2650,3058
2823,1955
2823,1953
10341,3545
5474,3633
8686,4357
6747,8114
1822,3545
10178,1605
1861,1906
4015,4784
4234,2525
1829,1161
6362,2652
4167,5612
4227,3689
10326,2838
3845,7779
8296,5444
9219,1441
3845,7779
8711,728
2422,3316
1863,1847
335,6190
7256,4878
8013,4992
4136,2027
6859,8503
6839,2545
3716,1572
2558,2602
344,3294
344,4930
344,8661
9214,3787
9214,8826
9214,971
3523,7631
7581,4107
10414,4045
10414,8621
526,698
526,2859
526,10421
7564,1933
7564,4160
7564,4791
8199,7704
8199,3058
8199,3070
10312,7602
6105,8702
5385,2838
4204,728
6755,2027
4184,8690
9119,9137
4312,9138
4312,9173
1350,5122
584,9173
2075,9907
2283,9173
2029,8603
639,10012
639,492
10061,6193
5000,9907
316,10012
316,9138
4750,9131
732,5476
732,2407
460,8841
460,1716
460,1330
5623,4473
9109,8507
1873,6509
1873,1330
6158,7853
9855,4097
9589,4779
6702,6978
4954,6319
8157,6470
3638,7046
9195,9138
4395,8288
10043,5351
7548,9566
4873,8093
4062,14778
10043,5351
10043,8129
7270,9058
344,5605
344,10300
9214,3319
9214,10359
9214,2198
3048,7631
526,7640
7564,6020
8199,7704
5218,7602
4716,8702
9121,9137
8762,9173
1119,10372
5190,9438
7680,9131
6484,5476
6484,1437
824,8841
824,1716
824,1330
5630,4473
1017,9138
10249,8288
1698,8093
9112,9137
6368,9173
7718,10372
2705,9438
1651,8841
1651,5709
903,7853
5125,9138
1143,8288
6645,8093
9108,9137
7992,9173
7992,7720
7622,9438
4766,8841
4766,5709
9085,9138
2921,8093
9114,9137
6069,9173
8298,9438
10043,9138
3978,8093
9105,9137
639,9173
639,3227
6607,9438
9176,9138
17070,8093
9106,9137
5125,9173
7720,9438
6158,9138
584,9173
9588,9438
9122,9137
7720,9173
3322,9438
9120,9137
3625,9173
6872,9438
9102,9137
2283,9173
975,9438
9098,9137
4004,9173
3227,9438
9101,9137
9101,6368
584,9438
9104,9137
9107,9137
9366,9438
9115,9137
500,9438
500,9366
3597,9137
4101,9438
1405,9137
8908,9137
3493,9438
557,9137
2283,9438
2283,7720
3884,9137
1423,9438
6854,9137
6707,9438
6707,2406
10061,9137
4004,9438
4004,2406
9866,9438
10400,8006
8510,5901
2553,9247
4657,9528
10386,4701
1343,7313
9706,7313
5627,7384
854,5350
4701,7283
3795,8735
7519,7283
1802,7738
3527,7738
1802,7738
10078,6650
6906,2728
6042,8483
6243,8515
6243,10215
7283,7011
7283,8661
6042,8483
8171,7388
7200,7540
7283,8779
2728,4018
2728,8240
2550,4018
2550,8240
2198,2170
2198,3400
4960,3294
10386,2230
1059,7513
2148,8333
8915,4706
8915,4758
8915,4706
8915,4758
398,8661
3727,1186
3727,5024
10205,6971
4959,7552
3022,6352
9690,6913
511,5627
3812,8017
5209,10087
3022,10087
3022,10210
9751,10210
9634,6650
10170,8185
1884,6650
1884,8972
5899,8998
5302,7603
7478,10166
3649,9458
7285,8998
8646,5302
5558,3026
8816,8200
7924,4881
7924,8746
10210,6657
4006,7783
3763,5302
6332,4719
9751,4719
9751,5118
3787,5118
9296,9668
3002,4461
3002,7783
2903,5441
2903,4021
2903,5597
7167,2555
9282,8895
9282,6764
3668,8323
4324,7631
3240,5529
4350,7663
4139,1554
3356,5571
3356,6926
4023,2713
5885,3015
9743,4941
655,1385
5913,6214
5913,7930
3329,1548
2597,1653
3065,5571
6551,1172
6551,7951
777,8493
998,282
7308,7201
5037,8114
10034,1548
6247,9984
6247,698
2058,5164
7922,10147
1987,10147
5360,3192
7892,1385
7892,1653
3065,574
2314,1548
965,1410
3954,9660
3232,14649
4183,7640
2099,4149
3391,2823
3391,3351
8857,385
8857,2485
8857,2990
665,8731
5393,6946
8813,3058
8813,3070
1410,3058
3413,1061
3413,9017
3948,1872
3948,9282
8176,782
2600,9933
7246,2949
6356,5634
6851,574
6851,3995
6851,3499
6375,6250
4111,3157
3599,4849
3818,4929
6105,7602
6091,336
7607,728
3977,10128
4026,1155
3609,2754
4963,2625
3845,7525
5794,9440
8296,6935
1518,9315
4546,1590
4992,8990
819,7553
6932,8095
4858,8503
9270,6178
8735,3294
8735,10170
3045,3294
3045,4930
3045,8661
9831,2730
9831,7951
9831,5891
2617,4076
2617,4149
2617,5234
8857,2119
8970,1283
2793,2625
3855,9315
10405,7553
5697,8750
2134,9171
10019,9138
5562,408
5562,9454
4184,2429
2276,9138
2276,7720
2276,9173
1115,9419
1394,10269
10416,6343
10416,6455
10416,9149
639,10012
639,492
4312,9955
4312,4441
316,10012
316,9138
724,10061
3658,2936
2276,5477
3845,8967
2276,5477
7119,8593
10043,8320
10043,8298
6580,6797
6580,460
5214,7992
10188,4300
902,5508
5311,7718
1167,6389
621,6498
2993,1596
449,8837
3487,8485
9586,9571
10043,8129
10043,5351
2068,8093
1937,4466
8735,3398
8735,8779
3045,5605
3045,10300
9831,6233
9831,2336
9831,9828
2617,8765
4203,1283
6975,9315
3845,7553
3597,10061
3597,8320
1292,2936
10258,8967
4368,7856
4760,8837
4315,9315
725,10061
8551,8967
9165,5508
5880,8837
7265,9315
393,10061
1794,8967
6340,5508
4105,8837
6185,10061
4079,8967
5568,8837
10383,10061
4305,8967
4753,8837
4339,8967
1114,8837
8386,8967
6204,8837
3053,8967
9917,8837
4908,8967
2163,8837
9630,8967
3269,8837
8927,8967
8065,8837
4050,8837
3452,8837
6013,8837
2658,8837
8774,8837
8466,8837
6915,8837
5317,8837
678,8837
8006,9249
8567,5901
5636,9247
5636,9528
9826,4958
1524,7313
9247,7384
9247,7384
5636,7283
6906,8735
8006,7283
4631,8091
3812,7738
2500,7738
5240,7077
5240,7371
7375,2728
7136,9325
7136,10065
6292,8661
7285,7011
7285,8661
1319,8661
4758,7710
1568,3398
1568,8779
5627,7540
1599,4165
2802,4018
2802,8240
8240,2170
8240,3400
8240,9242
6650,3375
1835,4127
6329,8041
6292,6623
6292,427
2399,8661
7949,1255
7949,2690
9214,7379
5670,7552
3517,6352
9563,7351
10041,5627
5367,8017
5367,8403
9216,10087
3878,10087
3649,10210
14107,10210
1304,9458
1172,9458
2903,6650
7734,8998
6913,8513
6913,10428
3765,9458
1172,9458
3008,5495
7399,3026
942,8998
9927,5085
4429,6968
4172,7783
1568,5441
7584,4719
2704,5084
2704,8975
9509,4977
365,10323
5205,7045
5205,911
9751,9668
10109,3787
4181,8323
7994,7631
564,7045
2955,8323
1253,3615
1253,738
1253,1004
7260,2713
7083,7547
2080,7055
2080,5539
2080,9723
1217,1751
7888,3011
5164,7547
4550,6214
4550,6640
1062,5881
4662,1001
9790,2713
9790,9887
10140,3209
7869,8621
10074,6740
9912,5257
10256,6257
10256,5571
10256,9984
4798,9927
879,10147
5164,418
5164,1226
7208,2425
7208,2426
7197,5583
10284,1968
10211,8493
8045,9395
4180,6428
848,10227
4490,5096
10435,4324
7589,7545
10294,7545
1172,7545
3243,2777
1525,3729
848,3419
848,5380
8501,1012
8501,9536
8501,10174
5067,7704
2859,4324
3422,2462
2129,6979
14649,6257
2293,3921
2293,9933
2293,5473
7287,8395
345,5400
5644,821
4581,8591
6105,7867
7182,4993
2793,9445
10460,2537
5243,8011
3043,2838
1518,2829
3845,7779
335,6190
3845,2581
2047,1967
3845,9033
3818,1967
9032,8080
6932,5850
4858,5391
5515,1615
5766,3294
5766,4930
5766,8661
5573,9584
5573,6062
1253,5881
1253,7892
7718,515
7718,5571
7718,8493
9980,1053
4227,7114
8585,2838
7527,9866
5285,2677
7720,9173
2832,8642
2276,9173
2276,9138
2276,7720
10129,2787
10061,10383
10416,6455
10416,6343
10416,9149
6455,10372
639,10012
639,492
6944,10383
6116,10383
978,4464
6599,9153
6599,9672
2356,9437
10043,9138
10043,7501
10113,8967
9109,8507
2070,7649
2070,1493
6158,8083
6158,8898
8002,4339
311,5872
2900,7805
10368,6410
6765,6702
5848,8288
7518,9425
886,10016
4453,8288
10043,8129
10043,5351
3541,6398
5766,5605
5766,10300
5573,3575
5573,9429
7718,10147
1891,1053
6105,7114
4782,9866
2276,9173
2276,9173
2276,5125
2276,7720
2249,10383
3625,6455
316,9138
316,7501
9705,8507
10367,5872
1085,7805
4300,6410
9095,8288
1140,6398
9135,9866
9135,2021
9135,7015
584,9173
6343,9173
6343,7720
7501,6455
7501,7720
1051,6410
584,9866
6069,9173
8762,9173
7079,6410
6368,9173
7720,9173
9061,9866
3625,9173
5125,9173
9766,9866
5125,9173
584,9173
5187,9866
4004,9173
639,9173
639,3227
6697,9866
7501,9173
6368,9173
6368,3227
8307,9866
6455,9173
6702,9173
9716,9173
9716,7720
3493,9173
3468,9173
492,9173
492,5125
492,7720
3625,9173
4004,9173
9188,9173
2283,9173
10417,9173
6455,9173
7888,3011
7888,1630
4701,9528
836,8852
8006,9247
8561,9528
9978,4958
1603,7313
9234,7738
1802,7738
7955,6861
6331,7283
7283,8735
10172,7283
5373,8735
4631,8091
3527,7738
7969,7077
7969,7371
8661,2728
6669,10215
9221,8661
7424,7011
6887,8661
5829,8661
2955,4018
8735,7540
6596,4294
6906,4018
6906,7042
6906,8240
7150,2680
1342,3575
1342,7042
7285,8661
1209,3375
427,8779
2593,6623
2593,427
3175,8661
5765,5997
5765,4997
6329,8041
7185,7552
3722,6352
511,5627
10150,5627
10150,8646
2811,8311
10030,10087
8017,10087
6616,10210
7707,10210
9751,9458
3649,9458
4114,6650
8800,8998
8209,8972
4154,9458
3710,9458
7121,7783
8709,3026
6650,8998
5205,5229
1513,7233
10210,7783
6960,5441
8709,4719
7509,6573
8577,6731
8577,6732
8577,5084
5229,10323
7994,7783
7994,5118
4271,2432
4271,359
13985,UNITED STATES (US)
2433,7663
1459,7045
3418,8323
6727,6214
3364,6214
1995,2713
1548,8144
10138,6640
3527,7668
6903,5571
5909,7718
8061,9887
8715,8213
5913,1172
5913,7930
8478,10321
2065,8621
7332,9735
7332,7934
8793,2065
3391,5571
3110,6740
5205,7919
2376,5811
1795,2425
1795,2426
1565,6307
7718,1548
6686,4324
3131,9882
10038,6428
10003,2859
6835,5096
6051,2367
6051,5583
955,4324
9010,1683
3351,8731
2960,5886
4770,4789
14649,6764
14649,8731
2099,2119
6307,3058
6307,3070
1003,3058
4818,9933
2403,3995
4324,3606
6618,8122
6618,9202
5956,5347
5956,7723
9642,5400
4324,5042
3377,3089
10326,4000
6105,342
6105,342
8359,10422
4000,3557
5184,5987
10250,3388
8296,3315
1180,810
8296,805
8977,7721
3845,4038
2505,9620
3845,4038
8296,8058
2973,10463
2915,1883
1259,7016
9910,7822
987,1186
987,8576
987,7898
3977,3557
2609,7721
9899,9620
4184,9303
9716,9138
2021,9140
975,2406
2832,8642
1394,10269
5187,10425
9006,6466
5187,10425
5187,3597
9399,10309
5508,9173
5508,9163
6185,9137
2661,4478
10043,9138
3597,10061
3597,8320
7870,9173
5311,7718
5125,8094
7983,6466
8761,8288
4890,9836
748,8489
5835,9571
9507,10043
3623,8507
3623,8507
4453,7907
987,1057
987,561
2872,9620
4312,9138
4312,9173
3610,9140
9081,9138
5311,9173
5311,7718
5311,5785
10222,6466
9422,8288
4352,9836
8196,9571
987,4806
987,8412
9987,9140
316,9138
316,5508
316,7501
5566,6466
8871,9836
9586,9571
9198,9138
442,6466
1713,6466
2964,9836
9259,9138
8551,6466
6172,9836
9179,9138
9627,6466
9627,9058
7222,9836
5244,9138
7792,6466
7367,9836
3516,9836
7537,9836
9664,9836
5434,9836
3250,9836
4370,9836
8330,9836
9497,9836
10254,9836
991,9836
5251,9836
603,9836
1401,9836
3177,9836
3258,9836
8767,9836
7567,9836
6484,9836
1152,9836
9498,9836
6874,9836
7291,9836
2837,9836
3235,9836
4239,9836
9531,9836
1923,9836
6642,9836
4674,9836
8182,9836
6077,9836
1388,9836
5863,9836
3663,9836
762,9836
1812,9836
5437,9836
7428,9836
8559,9836
2263,9836
732,9836
5887,9836
2146,9836
4030,9836
6583,9836
9396,9836
6011,9836
4398,9836
5241,9836
4835,9836
4629,9836
10411,9836
1337,9836
7870,9836
2202,9836
10334,9836
8671,9836
8301,9836
3862,9836
8064,9836
4664,9836
7316,9836
2701,9836
6373,9836
1097,9836
604,9836
7209,9836
1147,9836
1789,10386
4958,8852
10239,9528
9563,4958
9563,7283
2051,7313
1947,7738
1399,7283
9706,7283
10170,8735
7077,7371
9768,8661
4631,8091
3710,7136
9921,2728
5627,10215
2394,8873
465,7136
2394,8873
10170,8779
5002,4018
5002,8240
10215,7540
6846,4294
4630,8661
4630,4018
6901,2767
4758,2230
1568,8779
2229,2230
6887,8779
2198,8333
4127,427
4127,8148
636,8835
6292,6623
6292,427
1835,8148
7249,7552
4195,6352
7121,9953
7260,9953
9751,10210
2713,10210
7707,10210
8746,10210
1517,9940
4429,6650
10041,8998
14110,8915
7302,9458
1517,9940
2704,8975
9927,3026
9927,4122
3482,9458
8915,5229
4907,8746
8527,7958
5822,5819
7185,4881
2551,7783
7812,5597
9461,8731
9461,2777
7541,3143
7541,9338
4320,8754
4320,2875
4320,2777
8604,8323
2469,7045
7110,8323
4330,7055
9890,9883
1029,4941
3611,7811
2597,1653
8923,5571
6298,1385
6676,3065
6676,3555
6676,10321
2065,8621
9927,282
686,3209
4318,1584
2099,2978
7161,1001
10231,1385
7852,8028
7036,5164
3941,4729
10029,1548
2650,3192
2957,2499
1987,2649
4846,5096
9549,5423
8414,5234
10028,2065
4893,9202
7583,7704
10081,1584
1174,7545
5368,4789
10023,417
10023,1226
5195,1110
467,3058
6247,1953
2443,3545
1254,10266
5273,9933
9363,5400
3351,574
8113,2907
10326,3982
7593,10073
6105,3900
6144,4073
10460,5871
6472,2974
3977,7649
6076,7764
3818,6178
3845,4038
3845,7525
2793,2625
1518,8842
8383,4397
2675,3426
6724,8503
1661,3540
9910,1083
1631,7866
8034,4941
686,9688
686,9692
271,10266
2215,9437
1233,5122
7762,9449
5187,10425
5187,9171
7720,2406
4267,6802
6707,2406
6707,9438
6455,10372
4887,9127
3825,4470
2276,5477
2929,9173
3608,4449
8551,8967
3513,9855
3513,9614
7521,8298
4831,4829
1177,6509
10043,8320
6702,6978
939,8047
1645,3434
1659,9141
4352,9425
9507,10043
734,9058
7567,8837
3046,8837
651,10295
5963,7866
7093,4941
913,9688
913,9692
2283,2406
2283,7720
1961,6802
4004,2406
4004,9438
6547,9173
6547,7501
5623,8967
8856,9855
4578,8298
1016,8837
7774,8837
4512,10295
4276,9688
4276,9692
2283,9173
2283,7501
9066,8967
10043,8298
9275,8837
11447,10295
6163,8967
4004,8298
6160,8967
6266,10386
5670,8852
10386,9528
1399,7283
2132,7313
6292,7283
9528,7283
1802,7738
5373,8735
10065,7136
9978,2728
9247,10215
2708,8833
1177,7136
8735,10170
2198,10065
3765,7710
3765,4165
1202,8041
8032,4294
7295,4127
1848,3060
1118,8779
1118,4613
1118,4615
3087,10065
10386,2230
1697,1855
1697,9967
427,6623
427,4806
3511,8957
7503,7484
7503,1081
2611,8160
7871,7552
14107,6352
672,10087
9713,10087
3692,10210
8966,10210
9237,10210
5088,6650
1172,9458
10428,8998
7699,9458
511,10166
511,10241
6650,8998
10166,3026
3765,9458
3710,5302
1755,8926
7924,9668
7924,8972
765,6657
4254,5118
10210,7783
2928,7994
8646,6968
8646,2235
1484,8323
3436,7045
10200,8323
7834,7547
1429,1428
1270,5539
6408,7718
6408,4074
8090,2713
1909,1548
10100,8621
5595,10247
5348,7951
9313,532
6565,10328
6555,282
4257,8114
668,2614
5839,515
7823,1548
7823,2353
7187,3094
6247,9984
997,2978
2238,2723
4872,4729
6249,9839
515,6746
7192,2869
9549,5423
6605,5096
3299,6307
9388,5096
9984,9207
6422,8075
4378,8731
6526,6764
1478,10414
10034,2823
10034,3351
4149,2119
4149,4129
4149,4324
3054,4129
5139,3058
5139,3070
3058,2462
1562,8612
656,6257
656,1823
8985,4041
8985,4789
2328,3096
2328,17761
4919,1061
4919,9017
7810,3633
4167,8523
4167,5285
2973,1283
8682,1065
335,6190
335,1449
5184,3315
8389,2739
8296,805
3845,3459
3090,5951
6755,2027
4272,2908
4992,8990
9445,2906
6859,1615
9910,9633
4564,953
9296,8746
10250,2906
5562,9454
5625,9171
5562,9454
2286,542
1851,9137
7416,7073
9167,9149
9167,1292
6872,9058
5630,4473
2601,9171
5619,4473
5630,4473
1322,2305
7521,8298
5816,8288
7827,5313
541,8849
1054,7294
6702,8289
2816,9058
651,8420
6064,3664
4346,409
6976,9370
4317,9355
4317,6182
4564,8895
4564,6764
4564,8731
9309,8746
5757,7066
363,7073
363,7720
5630,4473
10043,8298
10043,8320
17070,409
8269,9370
4844,8746
770,9370
9402,8746
7283,8852
4827,7283
2211,7313
7388,7283
10170,7283
3527,7738
7077,7371
3247,2889
3247,6292
4534,10300
4294,10065
1989,7136
7136,10215
6855,10065
1172,5223
6329,8041
9807,7011
9807,8661
1599,4165
3066,3795
4855,5223
6855,10065
9807,3787
9807,6097
3787,6097
3787,3236
2955,8294
8966,7552
5971,6352
645,10087
7707,10210
4031,10412
10161,10428
5501,6650
5501,8972
3649,9458
3649,9458
8777,9458
507,9383
10241,3026
1568,5441
2003,8926
9296,9668
9296,8972
2331,6732
3463,5084
4200,8913
7749,7994
4719,7994
4719,1487
4854,9282
7213,8323
4324,7631
548,8323
9804,3527
8154,7204
4447,4941
10317,2713
5672,4223
9932,10321
804,1385
7059,7930
6689,1172
9942,4107
10158,9801
2066,8493
10175,3834
5664,1385
2790,8114
1992,10202
6194,5535
1324,1548
4480,4481
5237,515
5536,2353
1134,1548
3961,4303
7869,3507
4651,5869
3346,5445
3346,6491
1580,1653
3589,6307
3589,6529
5423,8621
5989,5096
7616,7545
6930,8075
10244,7704
4682,5096
2251,6764
1389,3508
1389,4324
9649,9728
9649,7977
6259,4129
2318,7919
2011,6109
2812,6558
6247,5042
4336,10266
2671,3606
1955,5042
7430,9017
7430,1061
1032,3323
6824,8702
6824,3222
493,3670
2793,2625
1417,4673
3845,7525
3845,2581
3845,7822
8564,6424
4617,7836
10102,6424
5435,4563
2744,1046
2744,897
2744,1044
7898,10359
3167,8661
3167,7981
7994,7783
7994,6764
7994,8731
1953,5042
3090,2581
6952,9571
2832,8642
7720,2406
6455,9139
6368,7718
6368,7992
5353,8642
5043,9065
7501,9160
2276,5477
8298,8644
2276,5477
8849,10043
8849,8298
6928,8288
4495,8313
9155,5508
6604,9304
7292,7642
8849,8320
10329,9173
651,8420
9441,9058
1260,2686
7518,9425
2744,8650
8589,10359
2955,8661
2955,7981
7994,5118
2100,8642
6707,2406
6707,3227
2832,8642
1146,8313
1494,7642
10043,8320
3924,8420
4339,9058
8101,9425
10067,10359
1142,2406
1142,3227
2100,8642
902,5508
2247,8420
2247,9450
7824,9058
2662,9425
10362,10359
7694,8642
6340,5508
622,9058
4158,8288
1912,9058
17070,9058
3845,9058
734,9058
8485,9058
8516,9058
9234,8852
3022,7283
2583,7313
7972,7283
9889,7283
7707,8273
6855,10065
9820,3587
5721,10300
9936,10300
3710,7136
5627,10215
1818,10300
1177,5223
1588,8240
7283,7011
7283,8661
3765,4165
7285,8661
4819,6060
10447,4281
561,7898
561,1057
6446,10359
8240,1070
8240,9970
786,8661
9563,7552
6205,6352
3602,10087
7913,10210
9900,10428
6236,6650
3765,9458
3710,9458
9700,9458
3649,9458
1416,3520
911,6657
3649,8926
2045,8926
1790,8972
2331,5441
6333,8913
9218,8998
8915,3787
8915,6097
7790,9282
7794,8323
7994,7631
1426,8746
5225,4941
5225,9720
5225,2713
4143,4348
10404,3615
6041,10321
1548,2713
1548,6214
5384,2713
3257,9887
1091,5571
6676,3065
6676,10321
9942,4107
5704,2959
7802,5967
7802,5968
1074,5016
8715,8213
9699,2614
6554,7507
6481,10147
5918,590
4023,2425
4023,2426
593,8739
9730,5583
7245,1548
1781,2649
3806,2649
7736,7704
2732,5637
2572,5234
312,5445
9326,5096
4707,7946
362,8075
7554,7704
8021,574
8021,3995
1321,2823
1321,3351
6835,8107
5235,2859
4066,6501
4357,574
5180,547
5402,5400
9607,1464
9607,3545
6191,8674
1220,8395
6489,8395
1854,3454
1854,3455
7953,9920
6362,2652
1362,2694
1677,3655
10460,5951
335,6190
3845,4038
3845,9443
6799,888
4027,5292
457,9962
854,1046
854,897
854,1044
3453,1853
3453,5118
3453,1933
4152,3454
4152,3455
3090,5951
8648,9962
4886,9137
5562,9454
5562,408
6455,9139
10012,9149
7501,7720
7501,6455
1652,9185
5508,9163
5508,9173
9508,5479
9508,9131
9078,9138
2276,5477
1401,9448
7948,9173
10043,8320
10043,8298
9109,8507
4339,6470
9182,6978
1645,3434
903,7853
1940,8958
7501,1911
8685,1596
1904,3664
2844,9490
6198,9425
854,8650
3453,4791
3453,2462
2140,3454
2140,3455
5353,9137
5353,2387
9194,9149
5125,7720
5730,9138
436,9448
9348,6978
1123,9450
1993,1596
2817,9149
2283,7720
10043,9138
7961,9448
597,6978
9143,9450
3962,1596
891,9149
363,7720
363,7073
9188,9138
1178,9448
2144,9450
4652,1596
492,7720
492,5125
9126,9138
6969,9448
5174,9450
3269,1596
6343,7720
6343,2134
5244,9138
2519,9450
3113,1596
4004,7720
1475,9138
7231,9450
1184,1596
7501,7720
6488,9138
4346,9450
2606,1596
9259,9138
2247,9450
2247,8420
9247,8852
7727,7283
2673,7313
9884,7283
10386,7283
5373,8735
5552,3795
5964,10300
3765,7136
3765,7710
9247,10215
8240,10300
4060,5223
5071,8240
1996,7223
6686,5223
6686,10065
1037,8779
2331,7042
7122,2325
7122,8160
7122,4366
8270,10344
8270,7311
8270,4554
8915,10359
10084,7379
10084,10359
8041,8661
9690,7552
6302,6352
5703,10087
6239,6650
7136,9458
3765,9458
5325,10166
6221,9458
4962,3531
4962,8185
10166,6657
7259,8926
4413,8998
5058,8972
7283,5441
1793,8933
3847,9207
8915,8731
8915,769
8915,7273
4702,9282
9652,8323
671,7663
4402,8746
4600,1192
9720,4941
9720,5731
9720,5539
6197,3527
7306,7055
7306,6214
10426,2713
1540,7811
9385,6214
3218,1001
1907,1548
1542,7668
7869,8621
8739,8493
8393,282
2982,7399
10137,8621
3065,5571
1074,5016
2126,590
950,3985
8317,1548
3675,2425
3675,2426
3290,8305
6247,9984
4494,5096
6992,8621
7298,1548
3879,4149
4503,5096
8026,1584
8026,3351
7019,9660
2388,7545
1949,1226
1949,5234
1949,7922
2856,6764
2856,5879
2856,5118
8999,8107
6809,8731
2768,7704
6289,3058
6289,6764
6289,8731
3150,4324
6102,8612
5583,574
5583,3995
5583,6257
5537,4041
5537,4789
4606,3591
4606,1061
5705,2859
5705,5455
7080,2494
7080,5638
3797,7769
4963,2625
10460,5973
9238,8007
3845,6178
6799,888
6648,1797
6983,8719
341,1797
5943,9141
584,9171
584,2134
2852,4820
3227,7860
7718,1910
10032,9452
7992,9171
1222,5478
903,9138
4750,9131
1773,9304
1177,6509
7827,9058
1177,7992
6604,9304
3869,407
3869,3230
3869,614
2313,9138
5835,9571
715,9571
5187,9171
5187,10425
938,4820
3475,9452
748,9171
5625,9171
5625,2134
4637,4820
6158,9093
9850,4820
7992,9171
3227,4820
10141,8852
9436,7283
2948,7313
1802,7738
1802,7738
6906,8735
9706,3795
4701,7136
5721,10300
2706,5223
2706,10065
9807,8240
8735,5627
1919,5229
1118,8779
9807,7042
8805,7042
3666,5223
8779,10359
2986,6816
2986,7379
10343,9311
14112,6352
9336,10087
6823,6650
10161,10428
7136,9458
8282,10166
6950,9458
7283,3787
7283,6097
10210,6657
9278,8926
1957,9458
5799,8972
2711,6657
8959,8933
4513,9207
8731,2555
4159,7663
10730,8746
4087,7547
10445,4941
10445,5117
5254,3527
6253,9570
8142,1682
9426,6463
4130,7934
10009,10321
1548,1172
4080,1172
4755,1621
4866,9887
7308,6640
7718,1172
7718,3364
4484,7934
2261,5881
3458,3076
6616,6233
8811,590
6233,9927
6233,7951
701,3484
5665,287
932,10147
3325,8305
7394,7201
3966,6307
6905,8493
1453,8206
5559,6307
5559,6529
3961,5096
692,2065
8384,4324
3591,2823
3591,3351
5583,375
5583,10421
5583,2859
6712,8107
10281,8731
779,7704
779,8612
5820,5431
5820,10171
3406,1378
14649,10521
612,7160
5227,10266
6392,4066
6363,1321
7064,8530
6705,3188
3090,1760
2801,8058
1518,8842
1518,8539
9270,6178
5734,3628
4727,10397
4727,5725
9296,8746
7532,2494
7532,5423
7532,5600
4034,3628
9198,9138
2832,8642
6360,7065
6368,7992
6368,7718
6158,9086
6158,9168
6158,9192
316,9138
316,10012
4750,9131
9081,9138
2816,9137
3513,9614
3513,9855
7330,8838
10373,6758
1533,7718
8871,9173
9709,8288
6742,9058
3869,3230
3869,407
3869,614
14859,9453
7032,9979
4771,4475
4727,2690
4727,3667
4844,8746
7532,6721
7532,9338
9064,9138
7321,9131
10043,9138
3053,8838
5311,7718
7607,8288
2816,9058
6753,4475
9309,8746
9177,9138
5236,9131
9189,9138
9189,7501
4081,7718
8614,8288
9402,8746
9716,9138
9576,9131
4206,9138
7133,9131
4312,9138
4593,9131
5697,9138
756,9131
7700,9138
7680,9131
3493,9138
9130,9131
1592,9131
8231,9131
4003,9131
9508,9131
9508,5479
8006,9249
3510,7283
3510,9528
3194,7313
3528,7738
2500,7738
10386,8735
3812,5223
5636,7136
6686,5223
6686,10065
6317,8240
7285,8661
7285,8240
5552,5901
1568,8779
7283,7042
1276,7388
8515,6062
8515,9584
8515,4806
4173,10359
7042,6816
7042,7379
3087,9551
7552,6352
9751,10210
6960,6650
6493,10166
10166,10241
7285,10166
7293,3957
1513,7233
9335,8926
3357,9458
7924,9668
7924,8972
6563,6731
6563,6732
10278,8933
1757,9266
2533,2555
5748,9289
8768,7663
10657,8746
6942,7055
699,7201
699,10147
9731,1076
9731,3515
4406,4995
8062,2713
1965,9570
8910,10321
1347,8621
373,2967
5844,5571
1737,487
2277,1172
6400,6814
1621,6740
5114,7201
5114,6640
5114,8254
3065,5571
9273,5891
2343,2614
7143,8114
3405,8621
10435,5571
610,6740
289,3484
9559,5164
283,4729
7842,2649
6453,809
2897,6307
2897,10134
3109,287
8054,6371
3281,6307
3281,6529
6591,5096
2784,2065
7343,8075
5418,5234
6806,10414
3252,1653
5142,2280
5142,2296
9558,4129
9558,4768
9558,9207
7208,3058
684,4324
508,7217
1955,5042
6770,9933
8468,3591
6478,5400
1955,5042
1955,5529
2809,4435
8389,5242
1895,8948
10460,5973
3716,4037
5184,5850
1432,5492
9408,7055
9387,8107
1953,5042
1953,5042
1953,5529
2134,9090
6035,9201
2100,8642
8320,8598
9188,9162
8298,8644
6735,4473
5790,9173
6158,8898
6158,8083
2207,7606
3233,1914
6702,8289
3869,407
3869,3230
3869,614
9508,9137
6132,9200
6753,1915
11384,6829
7413,7055
4199,8107
2832,8642
1785,9162
7291,9173
2894,1915
9627,6829
8560,7055
6595,8107
5353,8642
7947,9173
9099,9137
9423,1915
8166,7055
7501,9173
7501,311
6840,1915
2283,9173
8852,UNITED KINGDOM (GB)
2132,7313
3539,7313
19053,7738
3528,7738
854,5350
6004,7136
7285,8240
7285,8661
6887,8661
765,7011
765,8661
2331,8779
8735,5627
8735,5627
6292,6623
6292,427
7134,6816
7134,7379
506,10397
7871,6352
7176,6650
10241,10166
6231,10428
3758,10241
1067,9541
446,7994
10331,8926
3649,9458
9296,9668
9296,8972
3531,6968
1198,8998
7924,9668
9668,10086
7783,2555
10166,7663
9296,8746
9833,7055
6893,9622
6463,3527
2080,1001
2080,6214
4498,4944
4321,5279
9364,1217
9364,1751
4330,3065
4330,7951
2482,6640
8687,1172
9780,4075
5279,334
5279,3011
3834,8493
7385,1172
2350,2614
6574,8114
9434,4067
9434,7201
6600,590
5782,4379
9635,2353
5191,418
5191,1226
8106,4729
10218,6428
7718,5234
4232,3591
9028,1587
5798,7545
7560,2823
7560,3351
361,8075
9012,4789
7998,5445
3690,1584
739,1279
1402,4791
3351,7704
10456,6558
6089,1061
3627,5042
6390,3591
4278,5370
4278,8677
4278,8470
3977,6722
5874,1353
1931,7227
1259,7016
1341,14152
405,3248
1118,7710
1118,5229
6194,282
6194,1001
6194,7399
5058,9984
1803,10051
5205,6764
5205,8895
3847,1647
2276,9173
7502,9201
2985,8603
7072,9171
6360,9138
1322,2305
6201,7718
6512,9144
6512,3838
10043,8320
2929,9173
5610,4473
587,9138
1260,2686
1904,3664
1118,10300
1118,7540
6194,7507
6247,9984
6030,10051
5205,8731
956,1647
316,9138
316,10012
5311,7718
5449,10051
7393,9173
6368,9173
9068,9138
492,9173
6484,9138
8762,9173
8762,2569
6126,9138
6418,9173
584,9173
6343,9173
6343,7015
4571,9173
5533,7313
4185,7313
9706,7738
3795,8735
5302,5691
5302,5692
6950,7136
5552,5901
1524,10065
1568,8779
9807,7011
9807,8661
4889,8779
7285,8661
1918,8041
4127,427
4127,8148
987,1186
987,7379
9298,10397
7913,6352
7542,6650
7913,10428
6506,10241
3221,5229
8203,8248
1964,9458
1964,8926
1304,9905
2988,8746
9818,7783
3654,8998
9296,9668
6764,10207
4271,2432
4271,359
4852,7866
471,7547
4382,9823
4382,6304
4092,7613
5127,7204
5127,4223
10407,7547
5406,7718
2871,7204
3901,7204
3067,5571
3824,7676
777,8493
9434,7201
9434,6640
5304,10072
2473,6010
2790,8114
10284,8114
2066,8493
6308,590
3006,9927
1656,989
10021,7804
6845,4729
9825,4123
9825,4365
9825,8754
3295,5205
3893,9797
5813,1587
6588,526
3433,3537
5051,4149
5869,4789
5718,4768
7152,5869
5205,6501
5555,1584
1203,1279
2111,3058
2111,3070
6964,3058
6964,3070
6307,7704
6307,9549
8378,2458
4273,8395
3117,10221
3803,1899
3293,9610
10040,1647
10040,7723
10040,17761
6768,1327
3845,4038
4034,1572
10513,8746
4382,3615
4382,7892
6233,5226
6233,5571
6233,7951
5205,2065
5205,5418
3032,1327
7358,8639
3869,8898
3869,449
2100,8642
2276,5477
824,7124
725,9058
2303,7805
5214,7992
5610,4473
6604,9304
7501,1911
7766,5404
5628,9450
1904,3664
2101,14778
4844,8746
6233,8213
5205,9432
8871,1911
5948,5404
2821,9450
6962,8746
8308,1911
7863,8746
5125,1911
9309,8746
7291,1911
9706,7738
4543,7313
10386,7738
412,10300
3795,6292
19054,7136
10397,7011
3482,10065
2331,8779
7283,7011
7283,8661
9807,8779
1568,8779
7285,8661
5792,1186
5792,1209
2198,5725
2198,7379
8905,1186
8905,8661
9690,6352
7739,6650
7739,8972
8915,10428
8885,10241
6901,5229
4907,8746
9572,8926
9572,9458
4154,9905
3649,9458
5793,7783
7924,9668
10166,1853
10166,5118
4381,2632
4381,7722
7631,8188
9668,8746
8213,4406
6616,2713
8582,5279
8582,7892
3024,4223
6837,2713
2080,2080
8076,7668
5913,6214
4210,6640
2080,4075
2167,3065
9220,3770
3124,5577
1270,8493
4634,8621
5909,1172
8739,8493
3998,8114
9351,7201
6216,590
3879,5917
2383,2353
9964,8114
6344,4729
1584,6307
4535,9897
8813,6307
8813,10134
9730,5583
6668,4751
3044,6307
3044,10134
4013,8689
1280,2065
7240,5691
6083,7937
745,698
339,4768
339,9257
2092,3508
2092,6947
5815,1279
2468,2559
2468,9282
10221,4324
5583,574
5583,3995
2300,6371
6433,9933
6285,968
9676,9973
2173,2267
2173,8051
6369,7658
3845,7525
4028,8531
4149,3058
4149,3070
5125,8976
1652,9185
1496,8118
2816,9128
4004,9173
903,7853
10043,8298
10043,8320
7824,9448
480,9368
480,9662
3869,3230
3869,407
3869,614
9032,9159
3393,5126
4512,10295
4149,4129
10116,7853
10116,2816
1177,9448
6107,9368
6107,9662
9441,9159
5499,5126
10367,9448
8752,5126
3830,9159
419,5126
4061,9368
4061,9662
9085,9159
9085,9138
8082,5126
2243,9368
2243,9662
421,9159
2682,5126
4610,9368
4610,9662
2889,7945
4827,7313
1043,8584
10143,10300
3306,7011
10386,7136
7283,7011
7283,8661
7941,10300
4018,8779
2045,7223
5573,8779
5901,9503
4577,9019
4182,5265
4182,3332
5398,5725
5398,7379
4997,8661
4997,6562
1304,7707
8209,6650
8209,8972
10170,10241
7734,5229
5021,8746
1237,9458
8777,9905
8915,9461
8915,9999
7160,7783
9296,9668
4159,1853
4159,5118
2990,4789
2990,6270
10200,8323
7994,8746
5016,4941
4611,3015
8111,1192
3339,4941
4115,1751
4115,7204
2716,4223
9417,6214
9863,2713
5672,4068
6530,8493
2786,5579
8111,4075
3218,1001
4934,532
5423,5571
5558,282
10391,4787
3359,8114
2723,10442
9204,590
2761,2425
2761,2426
3361,1548
5598,435
6842,4729
4376,3507
6481,7545
1621,9414
10324,6764
10324,8895
9949,282
3065,574
5919,9660
3745,4048
343,4324
3030,7876
9906,5596
6521,3120
2180,1584
3415,1279
7131,5003
1666,7545
9228,1041
1826,2555
8599,574
8599,3995
6558,3700
1264,14649
4324,968
8322,1061
1035,7523
4600,1192
500,9366
9121,9196
6343,9448
6343,9138
9744,4471
3841,4463
5214,7992
9075,9138
480,9662
480,9368
5610,4473
3180,9448
10193,6398
2273,4471
6107,9662
6107,9368
8553,9448
4061,9662
4061,9368
2243,9662
2243,9368
4322,7945
5120,7313
2080,10319
2080,10322
2080,9893
4921,7011
1566,8661
1818,7482
7136,10065
8735,5627
7283,8779
742,10446
2708,9048
9551,7484
9551,1081
2148,5725
2148,588
2148,7597
1081,9429
1081,3575
8527,6650
10210,10241
1818,5229
1818,5441
9296,8746
7173,9458
1055,9940
10210,7783
10352,6062
10352,290
10241,8746
10241,7663
4194,8398
2428,9289
1536,7547
10407,2797
2669,4941
1520,4107
352,2713
3356,5571
3356,6926
568,1548
19061,2713
7775,4342
4011,7951
3354,1172
3354,1217
1787,8621
3264,282
7718,2341
7718,5571
8004,7201
7892,7811
1754,9659
289,3484
6015,8114
7833,10147
3402,590
5786,10321
3985,2353
5286,1548
6465,4729
2338,3290
4863,1301
6036,2106
6036,6307
7787,936
7787,7835
3190,5234
4131,3725
6533,7919
10134,1960
10134,5869
6307,6764
6307,7704
1541,5596
4710,7545
2927,1584
1201,1279
3211,6764
4149,4324
4149,7545
10394,6558
1955,10086
1955,10299
1221,7704
6325,1647
4149,1321
4676,4154
4676,8865
608,8842
1695,7547
7581,1249
7581,5571
7581,10058
3124,8204
3124,9432
8741,7704
1953,10086
1953,10299
3227,9438
6343,9138
6343,9448
5623,4473
5629,4473
7614,8320
7321,9058
9143,5126
10043,9138
3697,7547
7581,4107
7581,4109
5798,8204
5798,9432
8741,7704
8741,3058
8741,3070
2283,9438
10043,8320
10043,8298
9077,9138
4591,7547
7581,4971
7581,8278
6813,7547
8077,7547
5125,9138
8099,7547
3743,7547
9085,9138
9085,9159
4590,7547
4590,9665
4590,5539
7693,7547
7693,9665
7693,5539
8073,7547
8073,7668
7547,7668
7707,9528
5436,7313
10170,7011
5373,10170
6901,7482
2728,8240
7424,8779
10287,10065
2142,1057
2142,7379
644,1081
644,7484
8662,6650
854,5302
1019,8998
3034,9940
927,7994
1118,6097
1118,3236
9296,8746
2462,9289
3364,6214
3017,5279
3017,7892
2017,3527
9553,4941
2664,4941
4724,2476
5254,3770
8111,4075
4498,1001
5182,1217
4498,2713
4498,3941
8477,8621
9942,4107
6616,282
8004,7201
9772,282
8234,6616
3527,3115
5160,9659
5160,10147
9344,8114
7318,7930
6812,590
4176,10321
3784,5637
6247,9984
8884,4729
6079,1548
2374,6307
2374,10134
6868,2649
6868,9414
10055,7545
9984,5118
9984,10080
7417,6307
7417,10134
8982,5096
2007,5133
4211,3178
7101,7545
2823,4048
4274,10414
5869,4789
5170,8731
5486,1706
5486,3058
5486,3070
5065,2559
10451,1953
6311,4278
6311,8677
3071,3617
8733,3921
8733,782
2618,7545
1680,5042
1061,3545
9267,7980
4727,10397
4727,5725
4727,2690
5486,10086
5486,10299
6676,552
639,10012
639,492
9762,2407
9762,5476
2276,5477
4082,9855
7111,9041
3233,1914
3875,9159
4727,1081
4727,7484
9747,10086
9747,10299
6676,1627
6676,7613
6676,5295
8507,1914
4963,9159
4683,10086
4683,10299
6261,7313
10392,7011
5627,10215
854,7710
7285,8661
7285,8240
7540,8779
4806,7379
4806,6816
9807,1081
9807,7484
8860,6650
2803,5302
4542,8998
1048,8972
9668,10086
9668,4913
4844,8746
4597,9338
9837,9883
9697,1428
9697,7055
1296,5637
1296,1385
7668,3527
7668,7547
7733,8057
7733,3849
4348,1172
4348,2713
4348,8183
4450,3555
1211,5571
5164,2341
5164,5571
2346,7718
945,1653
5418,7930
8067,3065
8067,6740
9780,4075
6689,1172
5160,9659
274,3484
8801,8114
10053,10147
6683,590
4330,2425
4330,2426
5839,1548
7598,1548
4743,4729
2940,6307
2940,6529
5394,5418
7942,4151
7759,2065
10034,5234
968,6307
968,10134
6337,5096
6841,5096
8882,2065
6632,7545
6223,3120
6350,6501
2314,6951
5583,1584
1221,4324
8720,4324
5464,3606
6499,1464
6499,3545
4324,968
4324,2555
5137,6979
4762,1022
4762,2267
4762,8051
7883,968
1384,6968
1384,4823
4348,6214
4762,1691
5045,10372
2276,5477
3814,9161
5033,8298
6604,9304
4963,9132
4963,9159
3167,6968
3167,4823
5116,10372
7521,8298
4261,6968
4261,4823
6455,10372
4004,8298
4605,6968
4605,4823
4578,8298
8188,6968
8188,4823
10043,8298
10043,8320
10356,6968
10356,4823
7501,8298
5533,7313
5240,7077
5240,7371
9936,10300
5627,7710
10168,8661
4696,8873
4696,9579
1145,7379
1145,6816
1057,1855
1057,9967
8915,6650
7136,5302
3649,9458
4907,8746
3485,8323
3485,7045
9309,8746
8473,9933
8062,3015
6233,7951
6233,7204
7892,2615
7892,3673
9718,4941
9863,4941
3446,6214
3446,7930
2473,7668
2731,2713
2731,8006
9481,4944
8786,8493
6686,1172
6899,3941
1850,282
1850,8114
9876,4075
6530,8493
3527,3115
8167,282
6555,8114
4412,2780
4412,5811
4412,6247
6036,9549
7849,8972
6476,2353
1570,3209
5099,4729
2379,6307
6022,287
6022,6307
6022,10134
965,4151
2380,591
8521,6428
3429,8247
3429,8312
3429,10243
3943,5096
4847,4436
4847,8107
4847,10342
400,8075
3281,6233
2102,6501
7415,1569
2281,1584
9207,8227
6247,5042
6247,6764
6247,8731
6417,4129
3252,1691
3190,3617
8500,2859
7821,7545
3466,5400
2514,6979
4858,8503
1007,5118
1007,10521
7718,515
7718,5571
7718,3834
10329,9448
9078,9138
2932,8288
2040,9644
3875,9146
6924,5118
6924,10521
7718,8493
7824,9448
3502,8288
19064,9448
8394,9448
5636,7313
7969,7077
7969,7371
10215,7710
10210,8661
5901,9503
4949,7379
4949,6816
8744,1855
8744,9967
9634,6650
3710,5302
5058,9984
8885,8746
8915,8398
8915,4194
9402,8746
5290,8323
5290,6062
10361,9720
9745,4941
3673,1428
3151,4941
6893,9622
8034,7204
9381,4259
8402,5571
1217,1751
1217,5395
2066,8493
3314,5577
278,7627
2473,7668
6415,7930
2465,3065
6475,10147
6334,6023
10225,8493
4069,515
6038,3507
9577,2353
4454,5164
3448,2425
3448,2426
4926,7811
5869,4789
6644,9797
2044,1548
7357,6730
3865,10421
4769,5096
3104,1487
9617,8075
3471,7545
9047,2859
3871,3120
6999,4901
6999,10266
982,2859
982,4324
7174,7545
3922,6109
5977,6558
757,5529
5935,1464
3677,2494
3677,1738
8329,7634
4149,1321
4149,10178
4858,5391
9751,4194
9751,4461
6744,9720
8259,7204
4665,590
4665,4481
2112,3120
3869,9086
3869,9168
3869,9192
9085,9138
7841,9645
5610,4473
9751,953
9751,4768
3010,7204
10117,7204
7690,7204
5660,7313
3710,7136
7285,8240
7285,8661
9916,8779
727,5265
727,6816
727,7379
4371,4806
4371,6062
5302,7603
381,5441
3649,8926
3955,9282
3955,7754
5189,8933
9282,8323
9282,6062
1882,3015
1882,4941
9879,3615
9879,7892
4437,7547
4437,6214
4437,4941
2843,2025
3901,4941
3006,3215
6689,2713
6576,3022
3808,7204
5307,7930
5782,8493
5595,511
5279,334
5279,3011
8602,7627
1135,7217
1172,7930
4249,7507
7892,5774
4518,8114
1850,8881
7770,6428
5551,3484
5551,3259
1497,3484
8907,5164
10435,8493
7892,1385
7892,1653
7743,6994
6662,9984
7068,4045
5205,6428
6526,6307
4283,3284
4283,10105
5807,8075
623,8075
5536,574
5536,3995
5536,2458
1597,287
9927,1487
8049,8107
6082,2777
6082,3508
6082,6947
7773,8731
2485,7865
8279,1295
8279,3508
9944,6979
4626,10266
2111,968
378,10221
2463,3633
915,8757
526,9801
526,5078
526,6233
6082,2823
6082,3351
6082,2877
7720,2406
10043,8320
10043,8298
6742,9058
10059,8644
526,10217
4161,9058
7983,8644
3303,9058
8633,9058
3512,8644
724,9058
7827,9058
9546,9058
1338,9058
8272,9058
9627,9058
9627,6466
8298,9058
4733,9058
6064,9058
5668,7313
8915,5627
1947,8661
1874,9222
3765,10359
3765,561
7908,6062
7908,9584
3649,9458
1568,5441
1018,8998
9278,9940
9278,1419
6295,8933
8915,8323
8915,6062
4219,3527
9782,4941
7668,7547
7668,3527
4223,4941
4640,6214
4640,7930
1737,7668
1737,6214
5680,7204
3264,2713
3354,1217
4276,4107
3532,7718
5419,7930
1560,1172
1560,9887
4080,1172
1079,3734
2862,6023
8050,8765
8881,8788
7571,5917
6039,287
1011,3484
5782,5811
5909,10147
4131,7055
5114,7201
2311,5234
8021,574
5851,1548
1945,7811
2991,5234
10134,7704
8124,5094
420,4129
6579,3120
5989,8107
9014,2777
9014,3508
9014,6947
428,9933
7257,4343
6843,3995
5440,2555
8100,3508
2010,7919
3241,5400
2033,1061
10276,1077
325,2111
8663,3120
9014,2823
9014,3351
9014,2877
10416,9149
10416,6455
10416,6343
3409,8849
10194,9059
17716,2111
891,9149
3399,8849
1085,9059
4180,2111
9167,9149
9167,1292
393,8849
6378,9059
4303,2111
9191,9149
3055,8849
10103,9059
8493,2111
9656,9059
10316,9059
2659,9059
3201,9059
4623,9059
5901,7313
9807,8661
4018,1853
4018,1150
4018,5024
4018,5176
4018,7666
3765,9458
3898,5441
6236,8998
9751,6318
9751,2555
9751,5118
8850,8933
9751,7663
9751,8815
10048,4014
10048,3412
3755,4941
9472,7055
3990,6214
2597,1653
8402,2713
764,2713
7374,8213
1371,3555
9581,1172
9581,9887
3397,7934
8739,8493
6689,1172
9743,282
3661,4075
3309,1172
8668,3115
2066,8493
7892,1385
3192,7930
8141,5571
5115,7201
3030,1014
1489,6740
3720,8493
3720,5811
4947,5811
4933,4729
661,1968
1221,325
5067,6307
9927,6307
9927,6529
1621,574
3019,10421
8980,5096
8502,5094
7600,2065
1757,5234
5733,4129
7356,3750
6832,8107
1821,574
1821,3995
10134,6764
10134,8895
10134,8731
8493,3606
8079,418
8079,1226
325,3606
325,3916
5583,574
5583,3995
4865,6657
8105,7723
8105,17761
10276,4673
9299,4014
9299,3412
9789,4075
492,5477
492,9171
10186,8898
10186,8083
3233,1914
4963,9159
4963,9132
10320,9448
2871,4014
2871,3412
2654,9448
3902,9448
4346,9448
1250,9448
1177,9448
2946,9448
1758,9448
6266,7313
4371,10300
308,9409
308,1318
308,3772
5090,5176
5090,7666
7005,5441
6663,8998
10384,7045
10384,7511
10384,10302
10381,8933
4642,5945
4642,8946
9735,9804
602,4125
3091,4941
5063,5226
7396,2713
6561,1001
6993,5539
6993,9991
6895,2808
6895,9831
6958,2473
1670,2341
1670,5571
7407,7676
4755,3065
8529,1172
2367,1172
1849,3115
3170,7930
10093,2730
4361,10147
1270,4303
5669,7951
3681,2353
5811,8493
6714,4729
8391,2780
9897,4961
9404,741
10178,8493
1223,1587
7742,3537
6832,5096
8407,7545
926,2065
2423,1658
9685,4129
7489,895
581,8107
1786,8731
3351,7704
5491,7545
2107,418
2107,1226
10101,3633
866,5234
866,1236
3224,8114
5433,5400
1504,2494
10276,425
1129,2730
3234,425
3869,9168
3869,9086
3869,9192
7103,9304
9672,2449
8630,2730
2741,2449
8565,2449
3219,2449
9203,2449
7870,2449
6950,7313
6541,5176
6541,7666
8188,5441
7924,9668
1746,7361
1746,4527
1746,2577
4785,8933
6339,1925
6339,3554
6339,5945
7691,7892
5392,7055
9364,1751
9364,1217
4229,6214
9359,6214
9359,7930
3129,3673
5595,2713
355,5881
5050,7951
6551,5891
6551,9828
1029,7507
8304,8493
9637,1172
8052,3115
7802,5966
2373,6428
1172,1548
1172,2353
1646,2399
6247,9984
992,6657
992,7849
992,8972
4811,9880
7328,5164
4711,4729
3415,1279
3038,7843
9770,9797
5601,6307
6746,9414
7628,2124
1527,10325
6637,574
1565,1933
1565,4791
10199,7704
3189,8731
6572,3284
3190,2823
3190,3351
719,2859
8904,3159
3604,7217
10034,3617
2111,968
6247,5042
3714,3125
8575,6979
8751,2414
5066,4806
5066,10359
5066,8835
492,9171
492,5477
946,9058
10367,9145
5066,8783
5066,6623
5066,427
7967,7313
2410,9311
2410,8294
8597,5441
9296,9668
1856,2555
1487,8746
1487,1853
1487,2555
7668,7547
7668,9804
7668,4219
7486,3615
7486,7892
7576,7055
3614,1752
3614,1217
7892,1630
7892,3011
4210,6640
6576,5279
7093,4969
2597,1653
9852,1001
9852,9432
8653,8213
5913,7930
515,9659
7067,3065
7067,8621
3280,1129
9004,3115
9364,10147
2730,8493
5279,1385
486,10147
3211,9984
10187,4067
573,7806
10304,2425
10304,2426
6907,6307
2188,4151
9036,8621
9239,6428
6686,5234
1844,5445
5428,3910
10096,10421
9603,7099
4236,8731
7740,2823
7740,3351
8780,8815
3627,9549
3627,8612
4046,2947
4046,9933
4046,4191
8038,1295
4189,6979
2156,7160
7837,1691
3370,2791
2941,10421
2941,8617
2941,523
6269,9629
9461,8323
9461,4794
8236,6428
822,4067
6233,8765
6233,9981
6233,10063
5353,8642
3498,543
5629,4473
9461,1853
9461,2427
9461,7045
6350,6428
6233,10134
2100,8642
9000,7313
4127,427
4127,8148
4127,8924
8790,5441
8473,9933
7056,5881
9846,3615
4518,4941
1530,7547
1436,7927
4656,4107
9570,5279
3834,2713
4941,3238
10096,7718
9553,2713
9809,6640
9809,9887
5942,282
502,1172
8071,8377
6385,3115
10445,1001
701,3484
4484,7934
5114,7201
6404,5811
5038,3839
8174,6740
9491,3209
3707,10147
3865,3284
8776,7201
4520,5423
9743,3209
9743,3486
9743,5637
7718,5234
8983,5096
5775,1899
5192,3545
2497,7099
1924,2859
2367,2823
2367,3351
9985,3284
8902,9549
8902,8612
6244,2947
6244,9933
6244,4191
3391,418
3391,1226
7883,3617
9476,9017
9476,1061
5007,8051
10423,1691
3190,612
3738,4387
7731,7045
7731,305
7731,9282
1196,6214
1196,7930
5036,6307
5036,6529
5036,8493
3869,9192
3869,9086
3869,9168
7501,9173
9075,9138
7731,8323
7731,4482
1196,1217
1196,1751
5036,10421
9585,7313
1026,6657
5765,1853
5765,8746
8243,9224
8922,4107
5979,10203
1387,5637
1387,1385
2080,4941
4580,7668
3300,8213
9051,6214
7864,8006
5913,7930
5599,5571
1270,8493
6483,1172
3204,4058
686,3209
1062,1172
7718,1172
8529,3484
1574,3564
5853,5811
5853,8114
8699,6257
8699,4303
8699,9984
370,1548
2328,4123
7399,5583
5141,515
9530,4151
1872,574
2038,2780
6404,3537
1601,9660
1172,7545
7112,8075
6312,7099
2035,6764
2855,4789
7925,7545
6537,2947
6537,9933
6537,4191
4205,6558
1120,2555
5296,5400
6100,9626
5583,574
5583,3995
2444,2791
273,9443
1031,5539
8192,282
8192,4968
8192,6431
3318,4324
3493,9451
5629,4473
703,5539
8192,8028
8192,9432
944,4324
990,5539
6617,4324
3695,5539
688,5539
9706,7313
10396,6657
2577,2432
2577,359
9874,9858
9874,7930
9874,10347
4656,4107
10099,3527
7718,5907
7718,5539
4330,2713
3155,6214
3155,7930
8154,2713
1023,7930
6264,5571
7368,1217
1560,3864
8090,1385
7968,1621
7968,7951
4498,6740
1889,8493
4162,3834
5664,1385
2764,3968
1621,5571
7670,7399
9754,8114
4879,1001
5008,2678
2354,3209
5942,1001
7943,5032
8259,4067
8259,6307
8259,6529
5536,2353
5936,287
9957,6428
7349,2766
6387,8617
6387,10421
3403,5445
1478,1584
2642,7099
9968,10207
8230,8815
6856,7704
6856,8612
2381,3508
2381,3550
1302,1295
2938,4129
4443,4789
4443,4041
2223,9017
2223,1061
5212,9925
4731,6979
5184,7016
8043,3834
2517,1066
2517,1935
2517,3144
4443,1061
4443,9017
2276,5477
2517,4618
2517,4654
2517,5396
2517,8694
2517,8943
2517,1535
2517,8684
10386,7313
3424,7121
10166,2432
10166,359
2028,5881
2028,7892
1306,7930
1306,1172
7683,3615
3989,8393
4107,3527
965,6214
2669,2713
2952,2713
2952,6214
10126,10321
3266,2959
2341,7930
4946,2080
4946,4308
5595,511
6208,1172
4446,7930
8828,2730
4869,282
9835,8006
720,3484
3661,4107
5394,10147
3339,8114
3423,6740
2564,3985
3406,5488
7574,3591
970,3725
970,3289
970,7647
10293,7201
7100,7704
980,9432
9743,6307
8996,5096
9787,14649
6307,7704
9615,1211
4520,6764
339,4768
339,9257
2823,1953
2823,1955
6199,7545
9297,1295
7115,6371
10266,4216
14649,5529
6099,3174
2026,2015
571,1355
5294,7930
5294,1172
9785,2713
970,9984
970,9880
970,4423
569,7704
4689,3486
3814,9161
970,8493
970,6257
6222,3486
970,2240
970,3031
2264,7738
2988,7233
1811,7045
1811,6504
9798,4427
5904,7204
4970,10290
8621,2713
5844,4941
5844,7547
5844,5571
7058,2713
2790,1001
4935,5221
5279,7930
2473,5571
4198,1172
5254,7718
8696,7627
2562,1172
7892,4723
1850,8213
5279,1385
9927,282
827,3484
7651,1548
1886,10147
5864,590
3961,10342
5558,282
4162,2723
1899,707
1899,3895
3481,5234
3922,2111
2514,282
1172,1548
5884,382
5884,3769
6712,5096
9274,2770
9927,3209
2721,10051
4180,7704
593,901
593,3847
593,10451
7620,4324
2245,8612
2557,8395
7218,4789
7218,3508
5330,7545
3742,7874
7034,2977
7034,7274
7034,1647
10276,10463
5429,7738
1513,8017
1513,8403
4642,5945
4642,8946
3279,3371
5307,7930
9493,3527
9385,6214
8178,1001
7576,6214
8245,1001
8601,5571
6681,7668
7892,1385
4984,2713
4984,5571
9360,7951
5844,3910
8023,1172
6400,6814
2862,6023
686,3209
6941,3484
6448,989
8786,5782
10117,9887
6593,10342
4894,5811
10023,515
4938,4045
6699,7055
3019,5205
9861,1548
8493,325
3839,3910
8407,7545
5195,2620
7656,7545
1482,8075
8465,1683
7785,5418
1361,1130
1361,5805
1361,5869
4149,4324
5712,7545
9306,1691
1125,7545
3232,4541
8792,4418
3351,574
1614,7545
327,3910
8871,9976
7696,7738
4898,8800
10292,1925
10292,3554
10292,5945
9257,6926
7834,5907
2239,6214
3751,276
3017,6214
3017,7930
8658,10328
5221,2713
6233,8213
1850,8213
1728,1172
6582,5881
535,7676
2475,7577
9318,3022
4572,7930
8534,1172
5394,10147
2685,8493
8673,7930
8010,2978
856,681
2442,8043
9255,6428
965,1548
8872,5811
8151,9839
9912,5257
4279,5418
5423,6657
1735,1548
5418,5234
5736,9432
7184,9432
594,7545
2380,2065
1614,7545
3863,2138
3058,2462
5397,3617
5798,7545
6458,10171
6558,8815
1501,1647
11731,6214
1462,3792
9626,2859
9626,4324
9626,7724
2161,3792
9626,5729
8867,3792
9234,7738
9458,8926
1746,2577
1746,4527
1746,7361
4427,9752
7668,7547
7668,3527
8655,677
950,7927
950,1217
9804,7547
9804,3527
1023,7930
7407,7676
6576,3022
4107,8825
434,1217
8877,7561
8090,1385
1704,7920
3076,282
3076,9432
3076,9887
5916,7930
1354,1172
9637,9659
8797,8493
4787,8621
10402,788
10402,4789
3682,1548
8802,6428
4569,3985
7195,3084
7230,8493
10136,6307
6698,9395
9512,9797
3142,1548
3142,3700
3142,5418
8230,1548
5819,2218
5819,9682
3936,2065
7982,14649
6233,3209
6233,4048
5217,1373
5217,5706
5298,5418
2430,1872
17575,2462
6817,574
6817,3995
348,3617
2714,9933
9435,9017
1528,5400
10096,7754
6788,7204
2647,7676
3192,7204
5875,590
5875,4481
9641,7738
6650,8998
754,4021
754,5597
754,4461
7145,9797
3630,7892
4087,7547
9487,6214
4276,7547
6209,6214
4825,6214
9773,7204
1001,7507
9754,5571
3065,5571
9834,282
9897,8972
7751,7930
5882,3115
2925,8213
6461,7930
6939,679
5408,7201
9626,2649
9626,5811
4983,2978
6740,2649
2859,2425
7431,3176
4645,6307
3650,5418
8634,6307
8634,10134
7902,9432
7242,8114
4711,4729
7777,574
4494,5096
6233,3209
6233,4048
2010,5572
1556,6109
2485,1041
2922,1872
5768,10266
1295,9925
1295,7640
4129,4252
8867,1464
6309,5418
3392,8731
1462,1464
5684,8731
6059,8731
1172,9458
9751,7663
9751,953
9751,8815
3192,7055
9378,5907
7674,6214
9381,4259
5942,1001
5979,10203
4125,4075
8583,4995
1731,1172
5463,6640
2228,5571
5913,7930
6689,1172
2771,4075
7650,7930
4092,2730
9814,2723
9005,5915
6920,9887
8647,8594
2041,2859
515,6746
923,2649
8208,282
8208,6546
6886,2425
6886,2426
3314,7811
5205,6428
5008,282
299,8689
6850,2065
283,4729
6001,9549
6412,6371
5802,5713
9574,4324
2323,7545
9392,2555
5825,6979
2375,1061
2375,9017
10010,1899
5576,2494
14649,544
4565,2072
3639,1691
4885,2072
346,1691
7884,2072
5701,1691
7252,2072
9492,1691
7347,3968
9055,3968
3765,9458
7541,9338
7541,9339
7541,1495
3129,3673
6240,3015
8652,4969
3932,4941
6700,6214
6700,7930
2982,7934
8198,7204
4603,3717
3118,2959
8755,737
3065,5571
7184,7201
9323,7930
9718,6664
8180,282
9784,282
9784,9780
4656,7930
6431,9887
2127,2730
7919,8621
2310,2723
2310,3652
6442,1548
479,1605
479,4023
8534,5205
8534,9839
6771,7028
3232,9797
9057,6307
1508,6233
7910,6307
6335,4729
2869,1933
2869,4791
6667,6371
1986,7545
1953,6764
1953,8895
3579,7545
3242,4129
1950,418
1950,1226
9250,2859
6603,2997
2627,7545
2030,5400
10071,5042
6215,7930
970,2780
970,4180
970,4423
965,7930
970,5571
970,5811
970,6233
970,6247
970,6257
970,6926
970,8114
970,8493
970,9880
970,9557
970,9984
765,9984
3132,5881
3132,7892
8276,7668
8276,7547
5891,4995
7909,2713
6811,9024
4748,2480
535,6664
3679,8493
3192,7204
3646,9570
7808,1217
10426,1001
8989,8493
8673,7930
4765,1269
4765,2723
4765,3910
9360,4514
6689,1172
7569,2614
8795,7507
4188,7201
4180,2730
4180,5445
2869,8621
4923,4303
3889,3094
9606,1548
9606,7568
5965,9984
4247,4968
4247,5418
4247,9432
9875,9797
5542,1548
10238,6307
10238,6529
841,5245
4964,4729
4522,7545
1657,4729
779,7704
6392,1881
6392,3591
2485,7865
10336,4129
4485,7217
7116,6371
7278,1236
7278,5234
4659,7545
5288,2523
2653,2177
2235,10299
2235,10086
2235,5042
9519,8493
7960,7979
7974,10299
7974,10086
7974,5042
1248,7979
9207,10299
9207,10086
9207,5042
7556,7979
6567,10299
6567,10086
6567,5042
1170,7979
3847,10299
3847,10086
3847,5042
3447,4107
8529,1751
8529,7930
1626,1217
7892,3011
7892,1630
3256,9811
1560,3864
9834,7951
6616,7507
7177,4308
1748,1217
7191,6640
6233,7951
6233,8213
4100,7930
5915,1172
965,7930
5363,2614
5179,2353
6574,2978
6574,8114
2772,6428
4252,10167
4252,698
4252,3360
7718,10147
2823,6307
4446,10147
4891,8765
9715,4067
1444,2065
5834,1587
5179,5234
6014,4729
1864,7545
6247,7919
313,7704
3568,7545
7329,3606
7172,7545
7480,1691
1488,1872
5560,4041
5560,4789
4556,4628
8300,5587
943,5529
3787,8323
3787,7123
3787,4860
3280,4067
4252,3792
4252,5684
3787,2049
3787,10090
3787,5263
8569,4067
3787,9928
3787,3826
3787,8488
7930,6214
7911,7055
7668,7547
7668,3527
5957,3527
4650,6214
8922,4107
8823,2713
1089,6214
5382,5731
3336,5395
5016,5891
2191,1172
2226,3115
773,3218
10449,7930
1748,1172
5949,1172
5949,4448
5949,4438
389,3484
5235,5811
6282,10147
1269,5571
5298,2649
3777,8181
3777,4287
535,2978
7081,2077
3037,2780
5179,3537
7785,7545
3195,6048
10377,3486
2327,6307
4875,4729
6505,9432
8689,3910
5067,7704
9658,5418
5583,574
5583,3995
5583,574
5583,3995
2813,6558
2185,6371
5268,782
3899,1430
3899,7235
3899,8888
6481,5400
5542,1021
8920,677
4107,3770
710,2713
8097,7055
8794,2713
7024,784
7892,3771
9879,2713
8760,5571
7586,1217
5275,7934
9717,4107
4245,7951
8090,1385
440,7930
7368,1172
5913,7930
8658,282
9771,5205
9771,7951
5558,282
10442,8493
3073,5811
3496,5637
6918,1385
6918,4893
4995,2780
2485,4045
4112,9984
6258,10051
4444,9797
772,6307
772,6529
3556,6307
3556,10134
5205,7919
2979,1653
4811,9880
2399,2007
2399,7616
6494,7704
1621,6764
6910,1872
10201,7545
10201,7635
4149,2462
4149,10306
832,6979
2886,5400
9844,4545
8249,7638
5006,6979
9594,677
4603,7055
2105,677
5655,7055
9872,7055
9872,8213
5169,4291
8314,3615
4276,7547
9427,9570
338,2713
7676,10347
7892,8493
5231,1217
8823,5571
2862,6527
9371,3115
6894,2808
4376,3507
7402,1172
5913,1172
914,3484
5755,8493
5954,5607
3305,5226
3784,5637
7323,9984
10192,6775
1621,6307
8214,936
2771,9897
9793,9797
5782,8493
3920,4129
9984,6307
9984,10134
9984,6529
5100,4729
8724,698
325,3209
4803,2859
4803,2859
7030,3632
10310,574
8721,3617
8404,5400
8574,1899
5711,3545
6328,9504
2691,6775
5879,4149
7468,1217
2225,4941
502,7930
2563,1217
998,4941
7507,4068
9003,5571
7129,5591
2228,5571
2336,1217
6227,5016
6365,3582
7733,1403
7733,3849
2137,2475
2437,7951
3354,1172
10025,3111
5909,1172
502,9659
7184,5205
6730,5607
6376,4067
5814,515
6665,2649
9957,2978
1539,1653
9703,936
1887,2065
1887,7545
4434,4123
1006,4768
8782,10271
6058,8621
4072,6045
8170,3209
8417,8075
3629,2065
1948,2859
4363,4278
4363,8677
7686,574
7686,1872
439,4789
439,4041
2478,1061
1452,3545
4457,3633
6016,10051
3070,7919
7686,2559
7686,9933
2098,10051
1706,7919
7220,10051
4280,9720
5976,7055
4249,4941
5826,3527
1548,2713
1548,6214
9879,2713
1728,7930
7183,6214
10426,7204
2643,6640
6461,1217
7892,5607
6616,8213
6997,3555
8609,8944
3919,1172
5510,5058
373,5774
2227,1702
7006,7201
4247,6740
4247,9887
8407,7930
6869,2978
6869,9432
3883,2978
2765,1605
2765,6307
7526,5048
5645,10051
4162,6307
4162,10134
4869,2649
4243,4076
6282,7545
8237,2065
2415,2065
8670,8075
1683,1686
2102,6501
1749,7545
8019,9202
5555,6371
7610,4502
7237,3822
8889,3545
9993,3545
2765,2425
2765,2426
2765,2458
4303,6109
4303,6108
8493,6109
8493,6108
17716,6109
17716,6108
7374,9720
303,1627
303,7613
303,334
7087,3527
6681,7547
6215,7930
8119,6214
1269,1172
384,8621
5840,599
4572,3739
3919,7718
7063,4075
7024,4380
4530,6640
4530,9887
683,1172
1966,5915
8028,6431
8028,9887
2502,7930
3228,2425
3228,2426
3228,2458
9683,9703
529,1653
5556,6307
6897,10051
3550,4151
1642,965
5448,3725
6890,526
7031,4505
1639,2124
7480,8075
8199,7704
5281,7545
2689,4768
4528,7545
9612,1691
5656,6371
4278,8677
4278,5370
4278,8470
7687,1691
8578,6519
5529,5722
6972,6214
5060,9269
8988,9269
7267,9269
3395,2797
5109,4995
5109,5891
3443,1751
3443,1217
5114,4941
3170,6214
3170,7930
481,2713
3309,1172
9617,5680
3446,7204
5384,9887
2905,3717
5050,7951
6616,282
7184,7201
2346,1172
2617,7951
1354,1172
3051,4067
1621,5571
8667,7930
9561,2649
10121,3839
2620,8493
5314,6904
3998,1968
3998,2309
5736,4123
3312,1211
6084,1548
8208,9703
8890,4772
7741,2124
2515,6061
6680,2462
9018,1872
9018,9282
5733,4129
5760,10306
4523,7545
7414,7545
8290,1061
8290,9017
970,3725
970,3926
970,9786
7319,1066
7319,1935
7319,3144
3712,2177
9292,7545
970,9829
7319,4618
7319,4654
7319,5396
2278,2177
2455,7545
7319,7959
7319,8605
7319,8619
6381,2177
7319,8694
7319,8845
7319,8943
7938,2177
7319,2777
7319,5788
7319,8845
7319,10306
7319,1535
5323,7668
10154,3015
10154,3015
6666,2713
9465,7547
4058,1217
5982,5591
6208,6214
5156,7334
384,8621
9897,7951
5438,3011
5164,2730
5164,5774
5164,9622
9774,9839
5909,1172
5811,8493
8556,6044
4058,1548
4058,10147
3527,7139
4001,4893
4001,8114
8415,7930
10261,7201
3761,8765
3391,8493
3190,515
3190,5234
3190,1548
3152,3084
9927,1548
8651,5893
6970,9432
7772,7212
6344,4729
3705,8075
7147,3084
7147,8114
2853,1683
6764,8972
5688,4129
9407,2901
863,1295
5039,4129
4894,9933
4894,9017
4894,1061
4278,8677
4278,5370
4278,8470
4573,1738
8464,3766
8549,7547
5164,777
5164,8739
5164,2713
9760,9858
9760,4427
9760,9752
4276,3527
2057,2402
8259,7204
4091,7930
1270,8493
6437,6214
5405,1751
8278,7668
9057,3065
3343,4075
3343,5571
4634,8621
965,1172
965,7930
6010,5571
2730,8493
8787,8114
4210,9887
8922,7930
5681,2353
8021,5571
3093,7930
4279,4067
8517,3761
5932,3591
2899,6307
5075,10051
6986,1653
9847,9800
9847,6304
5879,4076
2792,10134
5099,4729
1411,5583
9925,3084
9925,8114
4519,8731
1846,7545
1390,7545
4840,1260
288,547
288,4129
1075,4129
3208,9721
9464,9933
4557,4642
4557,5523
9680,4010
6388,4642
6388,5523
2193,9720
2193,4874
4259,7055
2962,7930
7936,3527
8755,737
7892,5279
7193,2713
9638,1217
1270,8493
5382,9887
1574,9570
5037,1001
5037,7507
9385,10321
5016,6716
10158,9801
3155,7930
6227,10147
10088,3213
10088,9984
818,7930
6752,4067
8748,3761
700,287
6274,3209
6031,10051
2917,1653
6790,5130
6247,10421
6713,4729
2367,2111
2367,7545
2631,3084
1614,7545
7160,4324
6350,6501
6277,574
4033,9933
9320,1226
353,2859
353,5455
353,2559
4033,9933
4033,9017
4033,1061
7840,4418
10098,5400
2361,6979
1217,1621
1217,1751
1217,5395
5999,526
5999,4075
5999,9800
3124,6428
1217,7718
5999,5078
5999,9832
5999,7951
8569,6428
9879,2713
9754,4941
2317,2713
4748,2480
7198,7201
5279,7930
1766,7514
2713,6640
2713,9887
5375,6640
5375,6740
5375,9887
9364,1217
1062,1172
5337,4067
3065,5571
9781,9780
5759,10147
4995,2780
7002,7930
4196,5811
3671,2978
6590,4303
3598,4048
3598,9342
4980,10051
2566,1653
4180,325
4180,8493
10261,5418
2656,6023
8911,4729
2127,5234
6481,7545
6208,4768
6208,7545
9046,2823
7363,4324
5058,4920
477,1295
5040,4834
5040,6006
5040,6271
4493,4541
6371,2177
5352,5587
9262,8395
6492,4541
5063,5226
6787,7055
13213,3015
4445,1217
3311,9570
7359,3615
7162,1001
4446,1217
2014,599
791,2072
5279,334
5279,3011
2096,1702
5913,7930
298,1172
6662,1172
6662,9887
2982,7934
2506,8493
2487,5607
2487,5891
2487,7951
5671,3998
5671,8792
3190,515
7633,5811
4560,5583
4560,5811
4560,2240
580,6371
1621,2649
1621,9414
10228,4789
1531,1653
9290,8493
4904,5418
5926,7545
3941,4729
6307,1584
10375,8075
9392,3917
339,4768
339,9257
8123,6501
9405,807
4761,1226
3301,3545
3945,3700
10296,574
6047,3545
8891,3606
10336,4492
10336,5053
3635,6214
1196,1217
3646,9570
7755,9570
1191,2713
6945,1172
9359,1217
965,7930
6791,3910
7408,7930
833,1014
740,5571
5423,5571
6475,3484
5926,10147
6708,591
4722,789
8787,5811
2326,2421
3080,1653
6719,10051
1636,1653
4560,5583
5898,3725
6459,1584
8884,4729
6748,4916
6748,7640
6473,7545
1875,7545
5012,9314
6878,2796
6878,5544
6055,2462
7705,9933
8070,9933
6538,2859
7573,1647
5105,4919
4319,5094
6884,10051
5076,10051
9843,3527
9843,6536
4603,7055
3114,1752
3114,1217
1641,7547
8243,7204
8061,2713
8278,7668
5686,7204
4058,1217
5979,9534
9005,5226
9005,8493
2713,6640
2713,9887
1766,9432
2391,1172
5279,1385
4048,3792
4278,4839
3336,10147
3489,591
9027,7055
6662,2425
6662,2426
6662,2458
9306,2421
5488,9984
3759,3026
2723,5205
3431,4123
593,1584
1082,8621
3267,4729
663,14649
8718,3084
8718,8114
7226,6233
6397,574
6397,3995
2839,6501
6671,2462
3476,5376
4149,1061
4149,9017
4149,10306
2477,4041
2477,4789
8000,8395
4642,5945
4965,5094
3534,7547
4107,3371
4229,6214
7374,4941
8145,4941
5156,6214
1667,8493
8896,1629
8896,3011
6687,1172
5030,7204
6689,1172
6980,2072
8278,7668
2080,4969
2080,8183
9635,1217
5344,1172
6197,8114
4735,5571
6431,2723
6431,7951
3720,8493
5077,591
6818,6794
4066,6686
1099,2421
7877,7878
831,5583
2083,10051
8229,5418
8229,8114
6495,7545
6764,8972
6838,4729
8736,2111
8736,5583
5216,3084
2617,6233
4813,3591
3964,7545
2280,4129
2358,7545
4793,1022
4793,1691
8192,2709
8192,5473
8192,7545
8784,1899
3158,3545
4214,2323
3347,5881
3347,7892
9891,4107
9756,6926
8243,4941
6437,9570
5231,296
5101,4944
2962,7930
4249,7507
9912,1172
8964,2072
3834,8493
9756,2730
9756,8493
747,5571
282,3834
282,8972
282,10442
5798,1172
9359,7930
5685,8114
2633,591
1621,6740
5235,5811
7324,2421
3124,5205
9542,2649
7893,7835
7763,8493
8250,2649
8250,9414
4845,4729
6233,4048
6233,5583
8217,3084
933,7545
6434,7545
4355,1260
2604,1226
3748,4129
5583,574
5583,3995
2494,2947
1626,5400
6677,9549
5004,4944
5310,3355
8156,4944
6300,3355
3187,7892
4280,3864
6448,3527
6448,5591
3622,1001
8920,2713
5280,1385
3364,1217
3489,2072
4888,7951
4561,2730
3651,789
2764,3968
1270,8493
8317,989
1894,2353
6032,591
1383,8621
10387,5811
688,2421
5327,7616
4171,9984
1827,937
6471,8493
3391,8493
4520,5423
4743,4729
2984,7640
2854,3084
2854,8114
8284,10153
3070,7919
5767,9338
2298,6371
10127,3921
2874,9759
2874,2494
2874,4545
3881,5400
6255,6979
9594,2713
2105,2713
9269,7055
8066,3527
9434,4941
2935,9286
10097,2353
791,6214
7808,1217
7184,7201
7035,1217
9526,7668
4583,8114
5518,6044
2828,8114
788,9984
9342,2730
10349,10342
8630,5811
8716,2421
5782,6307
682,2337
4789,1584
6055,9414
3473,5886
7759,2065
6842,4729
5205,7919
1469,6044
10001,6233
8493,3606
3107,2166
3107,5634
6169,7723
6169,17761
6169,4553
3472,7545
5172,5400
5924,1251
8121,5119
6972,5119
3883,4941
2647,10347
7668,7547
7668,3527
2439,5279
2014,1217
1029,7204
6208,5571
6208,7930
7498,1217
6923,1548
9879,5571
3307,5571
7411,7930
9608,1172
3456,2959
4372,4601
3706,1748
5097,10342
9914,2649
7255,2421
1121,3591
707,4303
707,2723
707,6170
7765,3537
7611,2649
8268,3725
5514,3537
8999,8107
4609,523
517,6233
5129,7545
1545,7545
4242,5431
1090,6920
6949,5400
5953,8395
6087,10347
6081,7951
1365,4601
707,6904
6809,2007
6809,7616
6809,3209
6025,10347
1071,7951
9958,4601
6809,4791
6809,1933
7676,10347
7405,10347
8253,276
8253,4941
8522,4223
2644,9857
4412,7951
4484,7204
10031,2730
9814,5571
9782,282
5526,4067
7166,3065
5016,9887
707,4303
1305,8689
5884,2425
5884,2426
585,2649
1672,2421
9046,1881
9046,3591
841,3065
841,4999
8217,2780
3252,1653
6544,858
6544,3094
3352,5869
3930,8107
2374,10297
1650,3910
8223,7545
7761,418
7761,1226
6864,1872
466,10123
6435,9017
6435,4628
9404,5400
7344,1691
9046,6392
9046,1941
2019,5869
10242,3582
4412,4941
3280,3527
3280,7547
4603,5226
4603,1116
657,1751
5035,7951
3949,9432
5016,1172
5016,5891
6787,1172
686,3209
6662,9887
6357,7201
1837,4303
10062,2353
4142,5811
7020,2421
1370,10147
6746,8493
8568,6657
9317,1653
1621,2065
10275,2645
1230,4129
7485,14649
758,5400
1621,10521
6212,1691
1480,6371
7638,1872
7638,9829
7638,9610
7989,6393
7989,8764
6371,9692
6371,4897
6831,5094
1110,2730
10433,698
10433,856
10433,5058
9522,2730
10433,5571
10433,6657
10433,6871
4987,2730
10433,9269
10433,9887
3985,1751
9912,5279
6775,1627
6775,6214
6775,7930
486,1751
9718,6664
8526,2072
7730,9340
1159,3115
5279,334
5279,3011
3612,7951
7808,1172
3353,989
4137,4968
4137,7201
2884,4067
8075,1548
9261,2421
1903,7028
5974,9984
3428,10051
8544,1653
965,1548
7404,1653
8878,9880
9715,1933
6683,5418
9272,574
6303,4129
6826,9933
6826,8612
6826,3508
4567,9017
4567,4628
6624,1435
6624,8143
6624,9933
4704,5094
8922,4107
3211,14649
6826,9703
6624,5347
4656,4107
5048,14649
7845,462
1573,9570
4484,4247
4484,8144
7275,7930
3359,5016
683,1217
4680,2072
3481,1217
351,3115
2828,6716
1791,965
1791,6686
1791,9659
4142,2723
4112,8114
10236,4067
2572,6428
1131,2421
1686,9010
7396,5583
6346,10051
7852,7919
1191,2065
7263,7545
7640,1487
2111,5583
1200,7806
2384,1226
3583,1691
6234,9933
6364,3606
2494,6271
2494,6006
2494,4834
9658,5400
9957,4291
2375,9743
3688,4291
7562,9743
8668,3615
8668,1682
8668,3527
1641,7547
7279,2309
6240,1116
486,1751
5915,1217
617,2072
6486,1172
5030,1001
4058,1172
6530,10321
1001,8114
6926,8493
8824,1001
3035,2978
5954,3615
7530,1548
531,9257
531,9984
9318,7718
2082,10051
8264,4423
1288,3725
10055,3102
10055,7545
9470,4729
5409,7545
10256,2823
10256,3351
10256,3209
7184,9432
7656,418
7656,1226
8677,4278
8284,10171
4149,1251
4149,3822
4149,1321
2845,5400
10448,4278
10448,8677
10448,5370
3534,7547
10237,8493
10448,8470
3116,3527
5323,9804
8090,2713
7184,7201
6402,1751
7402,1217
6217,5226
8254,5571
502,7718
3155,1172
5342,6686
2346,1172
4639,1653
6641,6431
6641,9432
1587,7930
4765,3839
10442,2723
6441,5205
1089,7055
9597,10051
1001,8114
1001,8263
6029,1548
5947,1584
9653,5234
7284,7545
1239,17662
5682,7704
7360,1226
4774,5400
1333,6238
924,1451
5846,5400
3270,5400
9772,7204
9772,4941
791,6214
4857,8493
7177,4308
6793,1385
4091,7930
9887,5571
4304,7507
6486,1172
3192,1172
5669,5571
5669,7934
10131,1792
4995,7399
1093,5571
1093,7934
6561,282
2111,4303
10253,5811
1601,6941
2780,9984
6884,10051
779,325
779,8493
9582,8689
7369,9322
8981,5096
2501,7545
5205,2649
5205,7919
5205,9414
2111,7704
6981,7545
4278,5370
4278,8677
10348,7631
10348,4789
2752,9017
2752,1061
4672,9432
1723,6979
7817,9432
5307,6214
502,7930
2491,1001
1217,1751
1217,5395
5558,9887
1728,1172
8529,7718
6208,1172
8214,1001
1776,3065
2253,1653
8214,8114
5387,6304
6520,7930
7496,2978
2562,6941
9927,5205
9927,1548
8737,7055
3004,4123
6657,9257
556,9322
708,14649
3093,7545
9973,2065
9973,2859
9973,4324
1366,7704
2008,418
2008,1226
843,1691
8512,8010
4056,5400
4056,7545
2333,5400
3442,7160
5321,9322
3603,1751
3603,1217
5225,2713
5271,6214
9003,5571
2080,4995
2713,6640
2713,9887
4095,8304
5571,6119
2892,8114
3389,1548
3527,1653
9825,8114
7962,2498
6018,6740
5857,1548
973,6371
5068,3176
3084,2065
1366,325
4865,4961
6315,4324
6863,9660
9682,2645
9770,9797
4282,3262
2887,1226
2090,6371
5340,5400
10389,3606
6405,9933
10035,968
5823,1217
3571,4941
965,6214
4603,3717
5593,4308
10455,3717
7911,789
4264,1001
8169,1172
5584,10433
4080,1172
10360,8765
3036,5811
3847,6428
4900,6304
282,7055
5879,5583
5879,10442
7868,3176
3084,4067
1230,1584
6353,1548
3329,4324
8132,8689
6249,2468
5472,3209
1956,7545
8550,5400
4739,4502
4739,595
5041,1263
2857,5400
325,4233
5058,4768
5058,9257
658,7545
2699,4768
2699,9257
10153,4768
10153,9257
339,4768
339,9257
4462,4768
4462,9257
8232,4941
7934,4941
3416,599
10445,1001
10445,7204
10445,7951
8173,9887
3298,9887
5201,1217
5070,1001
5070,7507
791,2072
8255,8114
9210,1172
1305,7934
9902,2240
9902,5811
9871,5811
3368,8621
1653,5893
827,6941
6086,7811
8698,7545
9040,1653
3749,4076
1894,5234
8827,1487
4955,2468
5374,10051
1691,9933
8863,9933
8863,1461
8863,2578
4187,6238
4247,8010
4247,9759
8218,7638
8218,9610
2693,8092
2693,7045
2693,1951
5583,375
5583,2859
5583,3209
8627,6238
5583,10421
4803,6238
1788,6214
5016,4941
3076,7951
6437,599
2630,5891
9030,3115
4142,2723
4142,3272
4142,8912
4142,8114
10175,3834
5279,1385
7483,5418
7901,515
3645,282
3645,2458
3645,9927
8529,6941
6878,7055
5681,3537
9367,1653
6853,8618
4525,5234
6723,7545
3544,6994
6066,2859
5718,7545
5718,4768
9330,4154
5143,6979
5678,2859
2448,2976
9207,17761
9207,3096
1820,782
1820,9015
3777,4067
6376,4067
9011,3527
8211,4941
4526,1172
5164,10328
5990,8304
2297,2959
6197,9622
2935,5774
4504,576
4504,4568
4504,5447
817,3484
5606,2240
5606,5811
1681,6616
1681,7951
5993,6740
6985,1899
1212,6112
6921,8317
5549,1653
1000,6307
1000,6529
6281,7545
5205,7919
2140,2766
8120,5400
3367,4154
5058,4920
2221,968
2660,9759
2660,4545
1205,9933
400,1691
1839,515
1839,936
1839,7835
4440,7545
1100,8765
1839,8043
1703,7545
5700,8765
5798,8765
8078,8765
2644,599
2290,599
3334,1733
1766,7514
2640,2713
2563,7930
2563,8144
9879,5571
7892,3225
7844,4107
8208,282
8208,4259
4839,1001
6920,9887
8698,10147
5460,287
5460,2649
5460,8164
583,2723
1966,3484
10380,6428
7226,5205
7226,8765
7226,10134
8795,4123
7600,5130
3406,2823
3406,3351
3406,5488
4595,10421
1804,10051
2599,7704
1006,418
1006,1226
509,5400
7034,8010
10327,3659
10327,2015
10327,1061
874,3921
2546,5400
5460,6740
5460,6428
6018,7009
6608,7009
7797,1751
1730,2645
704,7204
451,599
8668,1172
8668,1682
10079,2759
6870,6740
6658,8881
7399,282
8545,10147
1172,1548
4070,9984
5858,6941
798,6307
798,6529
798,10134
411,9897
887,523
887,10421
5091,6307
5091,6529
9403,6878
1529,4973
6911,10051
5235,2859
1006,1872
3344,1691
6902,9933
2725,4920
4902,2976
1107,5400
7683,2713
526,2730
526,5226
526,5450
771,2713
526,7934
9635,1751
8410,1653
2362,7930
2640,5731
8169,9515
6385,1265
6385,7139
2790,4308
4583,9622
7184,7201
3910,6428
9847,8114
3950,10147
6746,5226
4066,6686
9010,1686
1708,10134
2847,7545
7520,2485
7520,8931
3835,2454
8096,5234
3675,2425
3675,2426
3678,8692
806,10051
839,418
839,1226
749,7545
2485,4789
4286,4920
3287,6584
3287,9747
7829,5400
6029,2494
6029,7545
3076,4941
2013,1751
2013,7930
5115,3076
7184,7201
9002,5226
9002,5571
9002,6304
7093,7507
3446,1172
2352,7930
6966,989
5058,681
5058,5782
2094,6740
10261,5418
5687,9378
4671,9432
2573,7545
8964,10051
1378,8493
2575,5234
1381,2111
1381,5583
10054,523
10054,10421
6867,5096
1508,5400
8941,418
8941,1226
4642,3096
4642,9933
428,4789
4792,8504
8150,5587
5845,5400
10346,3582
5305,7930
7335,5731
3170,1217
3718,3849
8259,7507
8259,9887
3791,2072
4904,1172
9123,989
7184,5205
10104,1001
4296,3209
1172,1548
2512,9393
4525,3537
1804,10051
2847,5234
6465,4729
894,8281
5534,698
5534,3209
9525,574
6420,418
6420,1226
876,5400
1506,9933
1561,7095
9042,5400
7899,9207
2098,10051
7220,10051
10091,4941
8529,1217
7490,7204
4093,8621
5558,282
1172,7930
10442,8493
7410,1172
3239,2353
6224,4709
6224,8621
8789,8114
8789,8393
9845,5879
3524,2780
3524,3209
1172,1548
8526,10051
5755,8493
7137,5234
4197,4729
1621,7919
3084,9692
6300,5400
2951,782
2951,3921
2951,1872
7631,17761
7631,3096
1623,5400
7480,1653
6224,8493
6224,6588
2951,2693
941,7204
1673,599
1150,7951
7306,1172
881,8621
1157,7507
3384,1172
5279,9354
451,989
3253,10147
7149,3615
1172,1548
7168,6941
9870,9432
4180,325
4180,8493
7532,5418
7532,5423
10033,574
7545,515
4871,4729
1226,523
1226,2859
1226,10421
4539,2065
7268,5400
4149,7723
4149,17761
5776,5777
10351,5098
9583,4154
3437,296
3437,10147
3298,2713
2077,7951
659,1217
8052,3615
7188,7930
1226,777
1226,8739
6461,7930
5016,9887
6991,10147
1768,3615
5310,5164
9005,8493
463,9432
1129,10442
3785,9984
9838,4123
5913,5234
4933,4729
707,2111
707,5583
2342,5400
7534,3921
7534,9279
1433,7095
921,9933
921,10257
921,3096
3134,5400
1229,10442
1887,2065
1887,4076
1887,7545
4078,10442
1887,5400
3449,7930
4603,5226
4603,1116
7332,9735
3527,3115
3527,3615
3527,7139
6260,8771
1676,5680
1369,1548
8517,4025
9285,10147
4699,7055
6777,1548
5534,9984
5534,698
6112,3537
3179,10051
794,6048
7055,6878
8499,5096
4560,2111
4560,5583
8526,10051
7591,5400
10353,1061
2485,3545
7798,8395
5821,2457
5821,5104
1101,4941
7055,5571
5200,1217
5888,7139
1217,1751
1217,5395
1217,7718
965,7930
965,1172
9323,7930
9777,2978
2847,1748
5985,2353
8138,2978
2828,9432
3214,9257
3214,9984
10261,5418
5374,10051
9322,5234
9984,6764
8233,7640
6036,1467
6036,2859
7343,1691
3101,6539
3974,9017
3974,4628
2638,523
2638,10421
4252,2671
9692,6428
9692,6501
9688,6428
9688,6501
9371,3527
6078,8621
9872,6233
9872,6926
9639,7718
10055,1172
8673,7930
8057,6657
1287,6428
4324,4045
4660,6686
2794,3591
2834,9432
4516,2309
806,10051
5195,5985
9698,1487
10402,14649
4439,2065
4439,3209
1757,7545
7296,9017
4510,7545
4867,7634
7374,6428
383,5418
4279,5418
4904,5418
10261,5418
1024,276
7184,7201
8636,1217
3036,4068
7850,3115
8547,1172
8046,7930
1365,4601
8217,2780
3858,2723
3858,3272
1727,5164
3741,6941
1862,6304
5905,5205
3790,10051
1189,3985
8698,5418
976,1487
6296,8692
1300,3209
5652,7545
8224,9933
8224,4789
8224,8395
1681,4545
6280,5042
8224,1061
8224,9017
8224,4041
8795,276
8795,4941
9618,2713
8280,2665
1312,3115
2421,737
6413,7930
2554,3245
5798,2978
2533,5684
4897,9688
4897,9692
6828,3998
6780,10051
2423,8493
5481,6878
3381,5583
9243,5356
9469,2337
2120,7545
8326,4041
5486,3916
10022,9688
10022,9692
10022,3921
5036,936
5036,1301
5036,2959
10022,4834
10022,6271
5036,3662
5036,7835
5036,8183
9919,276
9919,4941
9434,7951
5016,1172
5016,6616
7184,7201
1099,3615
7751,7930
6616,8213
2001,10147
10000,9927
6082,1584
8870,9432
5903,9736
9232,1548
8934,574
5329,9812
751,5234
6263,8075
8964,10051
4649,7545
4642,7631
4642,4789
4642,10257
920,9202
4833,4732
7730,276
7730,4941
6640,7951
941,2665
2184,6640
2184,9887
1621,8621
8317,1653
4279,3022
4279,3555
4279,7507
4139,9839
4530,7201
791,5811
8023,9660
4763,9432
2434,9984
2009,1653
2783,1584
3369,1653
3391,14649
624,1653
3100,7545
339,9257
9943,9017
9943,1061
7930,1548
7930,3700
7930,7545
7930,5418
7930,8126
3279,3527
3279,9804
3279,4941
3298,5731
6576,3022
4526,1172
6486,1172
10107,3910
6869,1001
4025,3051
8781,4303
8781,3094
5044,7951
5044,9984
5044,9432
6878,7055
3359,1074
1150,8114
1150,9984
2437,2780
3827,5400
8548,4502
5859,8692
3252,1653
8670,1691
921,5945
921,8946
921,2016
2674,8509
5481,7055
9027,7055
8712,7055
9023,7055
6586,7055
9897,3770
9897,4995
9887,5571
10442,8493
5384,282
7530,1653
10055,1172
4423,5811
5266,6686
9689,9257
9689,9984
1894,7545
8807,1295
8807,8114
2125,375
10391,4502
3726,8692
7053,1762
7362,1226
9703,9692
9703,9688
8000,8395
8000,3624
8000,3906
4008,2687
7145,599
4897,4067
4897,2240
4897,5811
8707,2687
718,599
4897,9688
4897,9692
5183,2687
4298,599
6644,599
3245,5731
6208,1172
6208,5571
6208,7930
5889,4107
5889,7934
5558,282
9942,4107
4066,2978
6350,6428
814,1653
9421,9432
7641,7835
8251,3094
8251,10134
4393,10140
8471,3910
2216,5400
2527,5400
2405,782
2405,1872
2405,9933
6888,4791
5460,523
5460,7919
5460,8164
5460,8281
5460,10421
7467,5731
3438,1217
2962,7718
5423,5571
1172,5226
8817,7201
1086,10147
2037,6941
4904,5418
8699,6257
8699,6914
8699,9984
1609,5234
1609,9660
8679,6994
2522,5400
1908,418
1908,1226
517,7226
8710,3895
2937,8692
7055,8692
2080,1001
2080,4944
2080,4995
785,3065
6026,7676
1869,6119
1269,1172
3785,9984
9604,6941
9239,5205
9601,9797
4104,3537
9784,1487
325,3209
6715,3209
6715,8114
7036,418
7036,1226
2487,1647
7797,1751
9879,7204
3394,4308
990,1653
9912,6740
402,10147
7151,1001
9376,4348
9376,5205
19061,9984
9349,10421
7816,5400
3174,3209
5407,418
5407,1226
6276,1691
5235,6657
4078,6657
8629,6657
7966,6657
4553,6657
1618,5591
2520,9887
7645,3849
6522,515
2626,10147
1621,2649
1621,9414
5592,4123
4085,6307
4085,10134
9350,10421
8279,3209
8279,9797
9678,1226
10008,3614
4656,4107
3124,6708
8922,4107
5496,6708
7490,4107
8569,6708
4968,5731
965,7930
7184,7201
8964,2072
8637,9887
8854,515
7253,591
9724,9984
2961,9677
298,5234
5843,8692
4205,3209
1158,1226
6589,9688
6589,9692
5460,287
5460,9414
5460,2649
5460,6428
5460,8621
5460,9984
8786,8493
5558,9887
9622,4075
8526,2072
4953,7951
3537,7676
1734,1548
8736,4961
8736,9897
3684,4123
5590,9677
6385,8075
7578,3973
7578,7759
3345,7545
1228,418
1228,1226
6411,8395
2317,1385
4939,9887
5387,7507
9887,6657
6678,10147
1809,6686
5669,9984
4180,2111
8529,9660
4608,2766
2464,7545
555,7545
2657,5431
2657,10171
688,1653
8059,1653
703,1653
3744,1653
7177,4308
3307,5571
1728,1172
7399,282
6027,8114
6549,6304
8961,591
10261,5418
6719,10051
455,8689
9769,375
9769,2485
831,6996
831,8691
1707,1061
1707,2015
1707,9933
6529,3125
6529,2002
3683,10051
5106,8689
6346,10051
9887,5571
3385,7668
2939,282
2244,9801
2244,7934
10236,4067
1803,591
4904,5418
575,3537
327,8689
9791,14649
17599,7095
400,1022
400,1691
930,7096
930,4562
5379,686
4814,686
4278,686
7177,4308
5583,8739
6662,282
9737,4839
3777,2762
3777,5160
3777,4287
3777,8181
3573,9432
8862,574
8862,8621
1757,5234
5892,1469
2135,7545
501,5042
6776,10051
5264,10051
8961,10051
3432,10051
8136,7668
1217,2645
1217,1751
9852,526
5074,7951
9915,591
6051,10134
6247,5234
8787,1487
4547,14649
1740,2409
1243,5400
2178,7106
2491,1001
2266,2072
7013,7951
3665,9984
7914,2425
7914,2426
9344,3176
9344,9984
9406,287
1634,10421
4903,574
4903,3995
8103,1872
8103,9933
4129,4252
5896,3849
339,5583
4565,3849
4462,5583
8090,4507
5896,3849
531,5571
3685,6581
8028,5205
8028,9984
8028,9432
5782,9414
4399,3910
7596,1487
6027,9575
7665,8731
6502,7545
6558,8815
5749,3065
2072,3849
2933,5886
3076,282
3076,7934
3076,7951
6113,7565
2924,10147
4064,1001
6699,3725
7728,1487
3642,7616
7475,2337
2561,1226
10286,7723
10286,17761
8278,7668
3464,7676
10126,3555
6486,1172
530,3615
329,6686
1397,5428
5247,523
5247,10421
5049,2425
5049,2426
9610,5166
5751,7095
5751,8075
1614,9933
3396,1653
5791,3218
2867,4083
2867,5571
6893,7951
6893,10433
6752,4067
6030,591
5269,8865
5993,4247
302,9797
8725,4791
8059,599
8059,737
8059,3615
4180,2111
4180,5583
8059,3115
8059,5680
8059,5604
4303,2111
4303,5583
325,2111
325,5583
8493,2111
8493,5583
2713,6640
2713,9887
617,5896
6399,7217
2152,6686
6093,3176
6709,8865
8023,9660
6836,8107
8260,3084
8260,8114
562,5400
3939,7160
3939,5042
4814,686
4278,686
5379,686
3129,3673
3298,9887
9002,5226
9002,5571
9002,6304
3570,3076
4904,6686
5602,1653
9561,8865
817,9660
4243,2823
4243,3351
3733,3084
3733,8114
8235,4154
4775,2116
4775,1647
2867,4083
2867,5571
2867,7204
5086,4075
2716,282
4284,1879
3687,8181
3687,5160
3687,4287
6220,2425
6220,2426
6665,8865
3836,1584
1483,1390
8917,4154
5658,7545
1365,3910
4462,3910
5826,4247
1754,2189
5996,6740
5526,4067
6301,5016
7646,9984
4570,5234
2418,8075
9743,1001
1509,3176
1509,7640
1321,418
1321,1226
2312,6979
5982,599
5160,1217
7626,3076
1621,6740
3330,6686
8782,10271
1390,5234
1443,6994
1443,8164
6929,1653
2329,418
2329,1226
2111,968
1729,2645
6482,7718
9432,4259
5558,282
298,10147
7357,4968
2604,9660
2689,14649
606,4324
9492,1691
6371,9688
6371,9692
6227,1217
2562,7718
4104,4259
4104,5571
5471,9692
8827,3176
3852,8865
2344,5234
9038,8692
9521,2065
1669,1022
1669,1691
5219,1647
7692,1217
6793,1385
2713,6640
2713,9887
4603,5058
920,6428
6208,965
1756,9660
8036,4154
9291,3766
5058,4768
2939,8213
558,2713
558,5571
5016,1172
3527,1653
8568,707
8568,3895
8568,4789
9372,8865
1621,7919
5558,6662
10282,4154
1487,4834
1487,6271
3298,9887
6118,5571
9359,1172
3127,1001
9685,8689
7922,5234
1108,6662
4712,4154
5298,7634
4279,2723
4279,3910
4279,3968
3127,9688
3127,9692
3127,591
4279,7507
4279,10147
3515,10433
5107,7407
8632,2730
8309,3176
7168,9660
2111,5166
5847,1226
9306,1691
9229,6048
9229,14649
3441,6048
3441,14649
7088,9286
6778,5112
6778,5896
7352,591
10163,1372
10163,5684
10163,4048
3952,9703
5364,7545
6644,2136
7130,7545
4237,881
10163,4303
10163,10166
10163,9257
10163,5205
10163,9984
6991,1217
6943,7718
3527,3115
3527,3615
3527,7139
9266,5234
10121,4032
10121,9703
7925,7545
5583,3209
8942,5400
3470,1653
8728,686
7515,282
8865,3725
5852,5096
2717,3084
2717,8114
6620,5400
5410,4834
5410,6271
7472,591
7055,4729
7055,5096
2731,4969
2731,8114
5058,4920
994,4834
994,6271
3489,2072
9266,5234
3439,3120
3847,782
3847,9015
3572,4834
3572,6271
2419,3115
2323,7545
8230,6746
10451,5529
5583,968
1692,3115
5196,9660
3190,6746
9207,10086
9207,10299
4010,7723
4010,17761
4010,1647
4010,3125
4446,1217
295,8075
4585,535
3401,9338
10430,4768
5156,1217
3224,1487
4400,10283
9240,7160
8541,4768
8541,9257
6820,1217
2561,7545
2561,9660
6746,453
7596,4834
7596,6271
2563,7930
5974,14649
10228,6022
10228,6023
3702,8395
3701,1217
5129,5234
1621,9414
873,4834
873,6271
8534,8043
8534,1172
7194,9432
486,2930
486,6682
6267,2358
4198,6740
9520,1658
2314,6746
9564,7096
7184,7201
274,9660
6780,10051
8624,4768
9701,6878
8817,3084
8817,8114
2299,5400
3741,9660
9512,14649
7726,4252
7297,6746
6212,1653
339,5583
4462,5583
5960,1487
2186,6746
1315,2494
1315,1061
1315,9017
5399,5234
7788,2930
4517,4834
4517,6271
5496,2065
5854,2930
6414,2930
3418,10464
8323,10464
983,1081
10082,1081
3167,1081
2955,1081
10465,1186
10466,1186
3787,1209
10468,10467
983,1855
10470,10469
368,4806
7994,5265
2198,5725
2200,5725
10472,5725
13738,6467
10473,6562
9807,6562
427,6623
10475,10474
1057,6816
7379,6816
7042,6816
10477,10476
10478,7484
1918,7484
16883,10397
10479,10397
6292,427
6292,6623
5398,5725
5398,7898
1118,1186
1118,5024
10480,3575
10480,9429
5386,5176
5386,10481
4018,5176
4018,7666
8148,5265
8148,6971
8515,7484
8515,1081
10359,9311
10359,8294
4127,427
4127,8148
4127,8924
2148,1835
2148,10484
2148,10485
7731,305
10486,518
10470,1150
553,10487
8915,1853
1345,1853
2577,1933
10488,2016
10489,2016
10490,2016
1746,2577
2488,3072
7994,4154
10491,4194
5763,10492
10493,10492
8604,10494
4605,4823
10496,4823
6085,4823
10497,4823
9807,4997
10499,5085
10500,5529
3240,5529
6239,5945
10501,6085
10502,6550
4127,6968
10503,7045
9282,7045
3763,7110
6571,1186
6571,5024
10482,5176
10482,7666
9551,7484
9551,1081
10483,7484
10483,1081
3787,7663
10504,7663
10505,7663
10506,7663
359,7663
10507,8092
7631,8188
10508,8542
10509,8746
10498,8746
10471,8746
10512,8746
9296,8746
10513,8746
4844,8746
10515,8746
6962,8746
7863,8746
9309,8746
8895,9207
7790,9207
1933,9289
2417,10247
7511,1853
7511,3914
4642,5945
4642,8946
5458,6968
5458,4823
2955,6968
2955,4823
3167,6968
3167,4823
9461,6968
9461,4823
10517,7663
10517,4159
9751,7663
9751,8815
10330,10299
10330,10086
10520,10521
10520,10397
10522,10521
10522,10397
1487,8746
1487,1853
1487,2555
3418,10464
8323,10464
10524,9721
10525,971
10526,971
7908,971
13125,971
3765,983
3559,1081
1994,1186
4021,1186
8744,1186
3787,1209
3212,1209
10528,1522
9807,1853
3167,10529
10530,10529
10531,4806
10532,4806
10533,4806
10534,4806
10535,5176
7994,5265
2200,5398
2198,5398
5084,5458
5765,6562
10537,10474
1057,6816
10007,10476
2955,6971
1209,7311
10539,10538
7783,8542
636,8835
4577,9019
1318,10181
9298,10397
10540,10397
8515,10397
4127,427
4127,8924
10543,10541
10543,10542
10545,10529
10545,7981
9967,4806
9967,10546
10548,5176
10548,7666
10549,5176
10549,7666
8779,9429
8779,3575
10551,10550
10551,971
987,1186
987,395
987,561
987,4706
10552,971
10552,368
10552,5176
3787,1853
10488,2016
10489,2016
10490,2016
10553,3995
1471,4006
4146,4006
10554,4006
7994,4154
7400,4154
10556,4194
5527,4194
7783,4194
10557,4461
4359,4461
10558,4461
9989,4461
10559,4976
3418,5455
10560,5504
8735,5505
3212,6085
4127,6968
2485,7045
3436,7045
3765,7045
3948,7045
10561,7045
14649,7045
10509,7045
3212,7045
10562,7663
5084,7663
359,7663
10563,8092
7631,8188
8323,8188
9461,8188
10564,8188
6227,9721
13738,971
10565,971
3765,983
2955,1186
3167,1186
10566,1186
10538,1186
2728,1209
3787,1209
9807,1209
10567,1209
10568,1209
4375,1209
3212,1209
4407,2690
10569,4997
983,5176
7570,5176
7042,5176
10570,5176
10571,5176
7994,5265
10572,10475
2148,10573
2200,5398
2198,5398
1186,6097
10574,10474
10575,10474
10475,10474
1057,6816
398,7898
561,7898
10576,7898
5398,7898
7140,7898
1855,9019
4577,9019
10577,9019
10579,10578
7049,1186
7049,10474
10581,10580
10581,3511
4727,2690
4727,5176
13840,10785
13840,5597
10584,10476
10584,10583
636,8835
636,7898
3418,10464
3418,3575
3418,9429
8323,10464
8323,3575
8323,9429
2170,10704
2170,10541
2170,10542
10586,10704
10586,10541
10586,10542
5573,10704
5573,10541
5573,10542
8473,2690
8473,10587
8473,10580
8473,10588
8473,16197
8473,10590
3787,1853
10488,2016
10489,2016
10490,2016
1746,2577
4522,2577
8895,3096
4844,3986
9309,3986
10591,3986
7994,4154
4790,4461
4213,4461
10592,4461
19057,4461
10593,4768
7974,4768
10594,5458
10595,5458
2485,7045
3765,7045
14649,7045
4613,7045
4615,7045
9296,7045
10597,7045
7863,7045
10598,7045
8915,7045
9282,7045
10599,7663
6807,7663
1359,7663
1487,7663
5084,7663
10600,8188
7631,8188
10601,8188
10602,8188
8323,8188
1186,10538
2955,10538
3167,10538
10508,8542
10603,9207
7899,9207
8895,9207
9668,9207
10604,9207
10605,9207
721,9207
10607,9289
3895,9289
2016,2555
4324,2555
10609,2555
3240,2555
2577,9940
13985,UNITED KINGDOM (GB)
10241,10302
10611,10610
10612,782
10612,9015
1647,782
1647,9015
7974,782
7974,9015
10613,782
10613,9015
1953,8092
1953,2555
1955,8092
1955,2555
3212,6085
3212,7045
8473,7045
8473,10302
359,1853
359,7663
9751,7663
9751,8815
9461,4823
9461,6968
9461,5458
3765,983
9221,1070
10614,1342
11389,10467
3787,1853
6095,1853
9807,10580
7533,3375
10784,4706
10618,4758
5765,4997
8202,4997
10619,4997
3045,4997
10620,4997
786,5176
7042,5176
2198,5398
10623,10622
4630,6095
10392,6095
14203,6095
4138,6097
2552,10474
1057,6816
7379,6816
8473,6873
4021,13176
6816,7898
6329,8041
4577,9019
9242,9019
6467,9019
10627,9311
10628,10181
10629,9429
10629,3575
10630,9429
10630,3575
10631,9429
10631,3575
3175,9429
3175,3575
7898,9429
7898,3575
8589,9429
8589,3575
10067,9429
10067,3575
3167,9429
3167,3575
3418,10464
3418,3575
3418,9429
8323,10464
8323,3575
8323,9429
9551,10474
9551,9429
9551,3575
10634,10541
10634,10704
1186,10539
1186,10622
2200,5398
2200,971
8744,10481
8744,5176
1081,10481
1081,5176
4018,5176
4018,7666
4997,10636
4997,7977
10638,10637
10638,10636
10638,7977
10642,10639
10642,10640
10642,10641
10643,10639
10643,10640
10643,10641
2518,10639
2518,10640
2518,10641
636,8835
636,7898
2004,953
10644,1853
8746,1853
5765,1853
10645,1853
10488,2016
10490,2016
10489,2016
10647,10646
564,2990
10648,2990
4844,3986
2836,3986
9296,3986
9309,3986
10597,3986
10649,3986
10650,4154
4359,4461
5308,4461
5263,5458
8323,5458
1150,5458
1853,5997
10652,10651
10653,10651
4417,10476
1811,10476
3787,6968
4127,6968
5997,6968
3765,7045
6968,10654
10655,7663
4159,7663
10656,7663
4402,7663
6562,7663
10657,7663
1487,7663
7631,8188
8323,8188
7725,8323
1974,10538
1974,8589
8895,9207
14649,9207
10605,9207
2235,9207
3847,9207
9668,9207
10659,9289
6449,9289
10661,10660
10662,2555
10663,2555
8946,2555
8895,2555
10664,2555
9807,10665
10666,10302
10667,10302
10668,10302
8473,10302
9989,10302
10669,10302
10670,10302
1974,10671
1974,5458
3167,4823
3167,6968
8538,4194
8538,8398
10593,4768
10593,9207
5722,8092
5722,2555
359,1853
359,7663
359,2555
9751,1853
9751,7663
9751,9207
9751,2555
2148,588
10672,971
10673,971
10674,971
10229,971
3765,983
8240,1070
10676,10675
10678,10677
11389,10467
3041,10680
3787,1853
10681,1853
8473,10580
10682,10580
9214,10683
2170,10684
7783,10685
10785,4706
2200,4727
2198,5398
6764,5458
10686,10474
7049,10474
561,10474
10475,10474
7994,10687
10688,10476
9537,10641
2593,6971
10689,7898
10690,7898
5398,7898
10691,8542
4577,9019
7513,971
7513,8294
10473,10622
10473,10539
10693,10622
10693,10539
9461,10622
9461,10539
10575,10474
10575,3559
4727,10474
4727,3559
7134,10474
7134,3559
644,3575
644,9429
10635,3575
10635,9429
10624,3575
10624,9429
10511,3575
10511,9429
10510,3575
10510,9429
5386,3575
5386,9429
3418,10464
3418,3575
3418,9429
8323,10464
8323,3575
8323,9429
1118,4706
1118,10785
10698,4706
10698,10785
10699,4706
10699,10785
6571,4706
6571,10785
1057,6816
1057,10467
636,8835
636,7898
4407,2690
4407,971
10700,971
10700,10683
427,10683
427,8294
427,9311
10701,10683
10701,8294
10701,9311
10702,10683
10702,8294
10702,9311
9967,4491
9967,10703
9967,4806
10705,10541
10705,10542
10705,10704
10706,10541
10706,10542
10706,10704
10708,10707
10708,10541
10708,10542
10642,10639
10642,10640
10642,10641
10643,10639
10643,10640
10643,10641
1186,4706
1186,3559
1186,8542
3212,10549
3212,10539
3212,10710
3212,10622
10712,3575
10712,9429
10712,10622
10712,10539
3167,6097
3167,10538
3167,10622
3167,10539
10713,9584
10713,6062
10713,10683
10713,8294
4719,1853
8746,1853
548,1853
10714,2016
10489,2016
10490,2016
1746,2577
10512,3212
10504,3986
4844,3986
2836,3986
9296,3986
9309,3986
10597,3986
10649,3986
10715,3986
10716,4154
10717,4154
10718,4154
10719,4154
10720,4154
10721,4154
10716,4154
10722,4154
10723,4154
7495,4154
10724,4154
10725,4154
7783,10685
10726,4461
2577,4461
7400,4461
7631,4461
7994,4461
10592,4461
10352,10573
3418,5455
3418,5458
8473,5458
8323,5458
1150,5458
10728,5504
14649,6817
18834,10476
3787,6968
4127,6968
5997,6968
10730,10654
10731,7663
10506,7663
10732,7663
1487,7663
9751,7663
10733,8092
8323,8188
6968,10538
10734,9289
10144,9289
10735,9289
10736,9289
10604,9289
3240,2555
5084,2555
10737,10665
4324,10302
8473,10302
10241,10302
10384,10302
10738,10610
10741,10739
10741,10740
9016,10742
9016,10207
6764,10743
6764,10744
8538,4194
8538,8398
9461,4823
9461,6968
3167,4823
3167,6968
1811,5085
1811,3072
7749,3212
7749,10745
7749,4420
3212,6085
3212,5085
359,1853
359,7663
359,9289
8240,1070
1081,10746
11389,10467
10747,10467
7540,10748
3787,1853
10749,10580
10750,2690
4407,2690
10082,10683
929,10685
10751,4706
8398,4706
2198,5398
10397,5458
10753,6562
1522,10474
10205,6971
4021,13176
10595,10754
398,7898
10576,7898
7140,7898
10755,10538
10756,10538
10757,10538
10758,10538
10759,10538
7949,10538
10748,9019
9298,9019
10760,10181
10761,10181
10762,10181
10763,10181
10764,10181
10765,10181
10766,10181
10084,10476
10084,971
1209,10538
1209,7311
2200,1342
2200,10474
10770,10474
10770,10768
10770,10769
10524,3575
10524,9429
10539,3575
10539,9429
8148,13176
8148,11408
10478,10538
10478,10870
10777,9311
10777,8294
8168,8294
8168,9311
8168,10683
10778,7898
10778,6816
1057,6816
1057,10467
7042,10467
7042,10781
10782,10467
10782,10956
10782,10781
10784,4706
10784,10783
10784,10467
1186,4706
1186,3559
10786,4706
10786,10785
10787,4706
10787,10785
10530,10788
10530,7977
10530,10637
10545,10788
10545,7977
10545,10637
10789,10788
10789,7977
10789,10637
6971,10790
6971,10791
6971,10792
10642,10639
10642,10641
10642,10640
10643,10639
10643,10641
10643,10640
3167,10622
3167,10539
3212,10549
3212,10539
3212,10710
3212,10622
7994,10793
7994,10794
7994,9584
7994,10795
7994,10796
7994,10538
10797,305
10798,10739
3382,953
8240,1070
10799,1550
8323,1550
4350,10800
8915,1853
9282,1853
7110,1974
10488,2016
10489,2016
10490,2016
5765,10646
2488,3072
1209,3212
10597,3212
9296,3212
10715,3212
15529,10802
4844,3986
2836,3986
9309,3986
10649,3986
4976,4154
8946,4154
4785,4154
7495,4154
10803,10685
5543,10685
9989,10685
8604,10494
10726,4461
10804,4461
10805,4461
7631,4461
10806,4461
10807,4461
7258,4823
1853,5458
8323,5458
6019,5458
10809,5458
10810,5458
10356,5458
10812,5458
10813,10651
8031,10651
4324,6817
7790,6817
14649,6817
10814,10476
10815,10476
10816,10476
10522,10476
10817,10476
10819,10818
3787,6968
4127,6968
5997,6968
10820,7007
9751,7663
10822,7725
10604,7866
16885,8092
10823,8092
10507,8092
7681,8092
8323,8188
10824,8188
6968,10538
10825,8398
8933,10826
5924,8815
10827,8933
10828,8933
4785,8933
10829,9289
10830,9289
10659,9289
1772,10831
2325,10831
10832,10302
10833,10302
10834,10302
3167,6968
3167,4823
10564,8188
10564,3212
10835,3212
10835,10302
3212,6085
3212,5085
10836,6085
10836,10610
8746,10610
8746,10651
359,1853
359,7663
359,9289
10837,4401
10837,4375
10837,6504
6764,574
6764,10839
6764,10840
7994,10685
7994,9289
7994,8092
7994,1550
7994,10841
10844,10843
6227,9721
10845,9721
10847,10846
4375,971
3787,1853
10848,10580
506,4727
7042,10785
2200,10474
7049,10474
10849,10474
10575,10474
16306,10474
10852,10851
10853,10476
10854,10583
2399,7533
5398,7898
6695,10538
8323,10538
4577,9019
10483,10706
10856,10706
10857,10067
5084,10550
1318,10181
10858,10181
10481,10859
5176,UNITED KINGDOM (GB)
3559,10860
3559,10474
2148,588
2148,13182
10864,10862
10864,10863
1918,10795
1918,10796
7994,10795
7994,10796
3167,10622
3167,10539
4018,971
4018,10775
7403,6467
7403,10494
10786,4706
10786,10785
10787,4706
10787,10785
11389,10467
11389,10783
10782,10467
10782,10956
10782,10781
1057,6816
1057,13176
1057,11408
10868,10476
10868,9429
10868,3575
8853,10641
8853,10538
10642,10639
10642,10641
10642,10640
10643,10639
10643,10641
10643,10640
10873,10870
10873,10538
10873,10871
10873,10872
4727,10580
4727,10706
4727,10465
4727,3575
4727,9429
10181,10622
10181,10539
10877,11118
10879,10878
2859,1550
8323,1550
10680,1853
10488,2016
10489,2016
10490,2016
1746,2577
10880,2875
10493,3096
10881,3212
6547,3212
4719,3212
10882,3986
10883,3986
4844,3986
2836,3986
9296,3986
9309,3986
10649,3986
10885,11155
10650,4154
10886,4461
10887,4461
10888,4702
14666,10889
3418,5455
8323,5458
3418,5458
10891,5504
10663,5921
10892,10807
10893,10651
10894,10651
10895,10651
14649,6817
10896,6817
10508,10476
10897,10476
5997,6968
3787,6968
4127,6968
7155,6968
10898,7007
1746,7110
4862,7400
7994,7400
5084,7663
1487,7663
1359,7663
3240,8092
10561,8092
10330,8092
1856,8092
10900,8092
10901,8092
8323,8188
10902,8188
10903,8188
10905,10904
6968,10538
10906,8933
10908,10907
10909,10907
1772,10831
10910,10657
10556,10657
4324,10302
10911,10302
10912,10860
10913,10610
10914,10610
10915,10610
10600,10610
5176,UNITED KINGDOM (GB)
5176,UNITED KINGDOM (GB)
3212,6085
3212,5085
1487,7663
1487,6085
359,1853
359,7663
10917,7400
10917,10657
3955,10302
3955,1550
10918,10302
10918,1550
10919,10302
10919,1550
8746,10610
8746,10651
10920,10610
10920,10651
3765,929
10628,971
10586,10746
10922,10921
10923,10677
10548,10680
3787,1853
10924,2399
10466,10925
10926,10925
10927,10925
10928,10925
13840,3511
10930,10875
10931,10875
7042,10875
11389,10875
10933,10932
10934,4727
4021,10570
10935,10586
4018,10785
10528,10474
10936,10474
10537,10474
8853,10641
10938,7311
10937,6971
10569,10939
10940,10939
10941,10939
8323,10538
5290,10538
1855,9019
9298,9019
10542,10706
10942,10706
10541,10706
10943,10530
10467,9584
10944,10181
7994,10860
10945,10795
10945,10796
8744,10795
8744,10796
7908,3236
7908,6097
10681,10939
10681,10831
636,8835
636,7898
10948,10946
10948,10947
1057,6816
1057,13176
1057,11408
6062,10870
6062,10538
10949,10870
10949,10538
5573,10870
5573,10538
10586,10870
10586,10538
10935,10870
10935,10538
10951,10538
10951,10875
929,10685
929,10953
5573,6562
5573,10954
2200,10474
2200,10955
10956,9584
10956,10860
3212,10622
3212,10539
1186,10539
1186,10622
1186,4706
1186,3559
10797,305
8323,1550
10959,1550
7123,1550
11119,1550
10130,1930
10488,2016
10489,2016
10490,2016
10961,2875
7042,4021
10962,4154
10963,4154
10964,4154
10965,4154
10966,4154
10967,4154
10968,4154
10969,4154
10970,4154
10971,4154
10972,4154
10973,4154
10974,4154
10975,10685
1007,10685
2404,4461
10977,4461
10978,4461
7974,10979
3418,5455
3418,5458
10980,5458
4719,6085
1487,6085
10981,10651
10982,10651
14649,6817
3034,10983
1746,7361
305,7400
7994,7400
10986,10985
10604,7866
10987,10656
10988,8815
9807,10665
10737,10665
10989,10665
3787,13217
5924,10302
10644,10302
10990,10302
4324,10302
9289,10302
7400,10302
10506,10939
10506,10831
10991,10939
10991,10831
9309,2875
9309,7317
10994,10992
10994,10993
10995,8188
10995,10732
7631,8188
7631,4461
9751,7663
9751,4461
10996,7663
10996,10610
10996,10651
8746,10610
8746,10651
8746,1853
10999,10685
10999,10997
10999,7146
3212,6085
3212,5085
3212,4271
1853,5997
1853,5458
1853,4021
11001,11000
11001,5722
11001,10302
11001,4461
5176,UNITED KINGDOM (GB)
11002,10921
11003,10921
11004,1342
3787,1853
4173,10580
10630,10580
3175,10580
10067,10580
10362,10580
11006,10925
11007,10925
10870,10925
11008,10925
11009,10925
11010,10925
11011,10925
5398,10925
11012,10685
11013,10875
11014,10875
11389,10875
11015,10875
2148,10639
561,4727
11016,4727
10575,4727
11017,4727
2200,10955
4018,10785
10475,5398
10595,5458
11018,5458
11019,5458
11020,6467
11021,6562
11022,10474
10686,10474
11023,10474
10849,10474
8853,10641
11025,11024
10769,11024
11026,11024
7898,10181
3559,10860
7134,11028
7134,11029
506,11030
506,4727
10945,10795
10945,10796
8323,10925
8323,395
11031,10539
11031,10622
10538,10539
10538,10622
9461,10539
9461,10622
3212,10539
3212,10622
1118,4706
1118,10785
11032,10641
11032,10639
10618,10641
10618,10639
11033,10641
11033,10639
11034,10641
11034,10639
11035,10641
11035,10639
16887,10641
16887,10639
11036,10641
11036,10639
11037,10641
11037,10639
11038,10641
11038,10639
11040,7977
11040,6562
16306,10474
16306,6562
10758,11042
10758,11043
11045,11043
11045,13302
11045,11042
11046,10683
11046,8294
11047,10683
11047,8294
11048,10683
11048,8294
6446,10683
6446,8294
11049,8294
11049,10683
11049,9311
11050,368
11050,2690
11050,971
11051,7146
11051,10997
11051,10685
4194,7146
4194,10997
4194,10685
10782,10706
10782,11052
10782,11053
11054,10785
11054,10921
11054,368
4727,10706
4727,11052
4727,11053
4727,11055
4727,10474
11056,10181
11056,10683
11056,8294
11056,10580
11056,3511
11056,10859
11056,7898
11056,11024
10797,305
11057,10669
11058,11118
10649,11118
11060,11118
11061,1459
8323,1550
11062,1550
11119,1550
14649,1550
11063,1550
10488,2016
10489,2016
10490,2016
5176,UNITED KINGDOM (GB)
11066,13019
11067,3212
11068,3986
10218,11155
8946,10685
11069,4461
10829,4461
11070,4461
7790,4768
9461,5458
10595,5458
11018,5458
11019,5458
11071,5523
3787,5722
11072,5722
11074,6085
11075,10651
11076,10651
11077,10651
11078,10651
11079,10651
7984,10476
10675,10983
3453,10583
2485,8188
4402,8815
11080,8815
11081,8933
11082,8933
9807,10665
10737,10665
11083,9984
11085,11084
11087,11084
7612,11084
10917,10657
14707,10302
10497,10302
10803,10302
18940,10302
3436,10302
11090,10302
4324,10302
10670,10302
5924,10302
10715,10302
11092,10302
1939,10302
10458,10860
6562,10610
11094,1550
11094,882
9309,2875
9309,7317
3212,6085
3212,5085
11095,6085
11095,7663
7631,8188
7631,4461
10592,4461
10592,10657
10512,3212
10512,10610
2990,10610
2990,10651
8746,10610
8746,10651
11098,11096
11098,11097
11098,10904
11102,11099
11102,11100
11102,11101
10820,7007
10820,3933
10820,11105
9751,7663
9751,10610
9751,4461
1487,7663
1487,10610
1487,7146
6764,11111
6764,11112
6764,10742
6764,11114
6764,11115
10751,10739
11116,10669
11117,1007
11058,11118
10649,11118
11060,11118
8323,1550
564,1550
11119,1550
11121,1647
11123,11122
11124,1853
11126,11125
10541,11125
11128,2875
11129,2875
8731,10742
5085,3212
7783,10685
11130,4461
4194,4461
11131,4461
11132,4461
11133,4461
10499,5085
11134,5085
11135,5085
6817,10889
3418,5455
5084,5722
11136,6085
11137,6085
10496,6085
10538,10651
11138,10651
10653,10651
10652,10651
11139,10651
2824,11140
1853,7663
11142,11141
1853,8188
10904,8538
11144,10657
10669,10302
4324,10302
7400,10302
7994,10302
11001,10302
9289,10302
11120,10302
8815,10302
10832,10302
11086,10302
11073,10302
11148,10302
11149,10610
11150,10610
11151,10610
11152,10610
9668,13889
9668,1550
2235,13889
2235,1550
10979,11154
10979,5722
11156,11155
11156,6504
5084,5722
5084,10302
3212,6085
3212,5085
10501,6085
10501,10302
8746,10651
8746,10610
10644,10651
10644,10610
4461,11157
4461,10654
7631,8188
1487,7663
1487,10610
1487,7146
8092,7146
8092,10997
11158,7146
11158,10997
11159,7146
11159,10997
11051,7146
11051,10997
7045,1951
7045,7146
7045,10997
11160,11154
11160,3096
11160,5722
3948,10889
3948,10841
3948,11161
2004,7110
2004,1746
2004,10660
11386,368
10548,10680
11388,11387
1186,4021
1081,10875
11389,10875
11390,10875
3212,10539
2200,10955
10288,10955
427,11391
11392,11391
4018,11391
10688,11391
10782,11391
6816,11391
7994,11391
10538,11391
8779,11391
11393,11391
11394,11391
11395,10474
11382,10474
11396,10476
11398,10476
11399,10476
11400,10476
1855,9019
4194,9019
13125,10706
11402,10706
11403,11024
10534,11024
10624,10181
3559,10860
11406,11404
11406,11405
10533,11404
10533,11405
1918,10795
1918,10796
10945,10795
10945,10796
8744,10795
8744,10796
11051,7146
11051,10997
11051,10685
929,10953
929,10685
7908,3236
7908,6097
10712,10474
10712,9551
11407,4727
11407,10706
10778,7898
10778,6816
1057,6816
1057,13176
1057,11408
1057,11391
10642,10639
10642,10641
10642,10640
10643,10639
10643,10641
10643,10640
11411,10541
11411,11409
11411,11410
11413,10541
11413,11409
11413,11410
11413,11043
11413,13302
11413,11412
3289,7977
3289,10637
3289,11414
11416,9019
11416,11415
11416,7317
11417,11413
11417,6467
11417,11391
651,620
651,10295
11420,11419
11421,1425
11469,2539
884,2733
11423,11422
11425,11424
11426,3843
11427,3843
734,4339
7366,4807
11428,5267
10024,6278
11429,6847
11431,11430
5771,7071
11433,11432
11434,11432
8469,7525
11436,7851
11437,7851
11438,7851
11439,7851
7108,7851
11440,7851
10043,7915
10043,5351
11441,5351
3052,5351
4760,8837
11444,9425
7518,9425
4778,9425
11445,11449
3230,11451
407,11451
11447,10295
11447,620
19063,UNITED STATES (US)
11447,620
651,620
5197,1421
11421,1425
11455,1638
11456,1638
11457,1638
11458,1638
11459,1638
4398,1638
11460,1638
11461,1638
11462,1638
10043,1973
10043,5351
11463,1991
11465,11464
8288,11464
11466,11464
11468,15807
11469,2539
11423,11422
11425,11424
11470,11424
11471,4773
7366,4807
11472,5366
6374,11473
11475,11432
11476,7525
6348,11477
11478,7800
11479,9425
8101,9425
7518,9425
8269,11481
11482,11481
11483,11481
11484,11481
11485,11481
11486,11481
11487,11481
11488,11481
11489,11481
11490,11481
11491,11496
11497,11496
449,11498
11493,8420
11494,10295
11495,10295
11447,620
11500,886
5197,1421
11501,1638
11502,1744
11504,11503
3046,11503
11505,11503
11505,11506
11507,11503
11507,11506
3216,11503
3216,11506
11508,11503
11508,11506
11509,11503
11509,11506
11510,11503
11510,11506
550,11503
550,11506
11511,11512
10043,1973
10043,5351
11513,1991
11463,1991
11465,11464
11514,2323
11516,11515
11469,2539
11425,11424
14077,11424
7366,4807
2459,5366
11472,5366
6348,6735
11476,7525
11495,7854
11519,7915
11520,7915
18737,11521
7518,9425
11523,11530
1260,11524
8082,11524
10185,6398
2101,14778
11527,10295
11532,11531
8269,11533
5197,1421
11492,11534
11535,11450
11536,11450
11537,11450
11538,11450
11539,11450
3830,11540
8288,11541
10043,1973
10043,7915
11542,11464
11469,2539
11544,11543
11545,11543
11546,11543
11547,11543
11548,11543
11549,11543
6889,11543
6735,11543
11550,11543
11551,11543
11552,11543
14784,11543
11554,2733
11556,11555
11557,11555
11558,11555
11559,3372
11561,11560
11425,11424
11563,11562
11564,11562
11565,4681
11566,4681
11567,4681
7366,4807
11569,11568
11571,11570
14786,6182
11493,6635
11574,11573
11476,7525
14077,11575
11576,8093
11577,8093
11578,8093
11579,8093
11580,8093
11581,8093
11582,8093
11583,8093
11584,8093
11585,8093
11586,8093
11587,8093
11588,8093
11589,8093
11590,8093
11591,8093
11592,8093
11593,8093
11594,8093
11595,8093
11597,11596
7518,9425
11591,11601
11500,886
3052,11603
3052,11604
8269,11533
11606,11605
11607,11605
11570,1425
11608,1425
8571,1425
11700,1425
10185,1425
14040,11541
11612,11503
11612,11506
11613,11503
11613,11506
550,11503
550,11506
11615,11503
11615,11506
11616,11503
11616,11506
11507,11503
11507,11506
449,11503
449,11506
11617,11503
11617,11506
11505,11503
11505,11506
11618,11503
11618,11506
11601,11503
11601,11506
11619,11503
11619,11506
14890,11503
14890,11506
11621,11503
11621,11506
11622,11503
11622,11506
11623,11503
11623,11506
11624,11503
11624,11506
11504,11503
11504,11506
11625,11503
11625,11506
11510,11503
11510,11506
11508,11503
11508,11506
11626,11503
11626,11506
3009,1991
11628,1991
1614,1991
11469,2539
11509,11543
11546,11543
11544,11543
11629,11543
11432,11630
11632,11631
11634,11633
11425,11424
11635,3843
11542,3843
11636,3843
11636,5465
11637,3843
11637,5465
11638,3843
11638,5465
11639,3843
11639,5465
6165,3843
11640,3843
11643,11642
11646,11644
11646,11645
11569,11568
11648,11647
6165,11647
11650,11649
11651,11649
11652,11649
11653,11649
11654,11649
11655,11649
11656,11649
11657,11649
11658,11649
11659,11649
11660,11649
11661,11649
12000,11649
11663,11649
11664,11649
11702,11701
6168,11703
16886,11704
11706,11705
11707,6635
11488,11573
11471,7045
11709,7045
11476,7525
10043,7915
10043,7992
11713,11712
7518,9425
11665,11598
11667,14778
11668,14778
11669,14778
11670,14778
11671,14778
11716,14778
12001,14778
11673,14778
11674,14778
11676,14778
11677,14778
11678,14778
11679,14778
11680,14778
11681,14778
11682,14778
11683,14778
11684,14778
11685,14778
11686,14778
11687,14778
12002,14778
11688,14778
11689,14778
11690,14778
11691,14778
11692,14778
11693,14778
11695,14778
11696,14778
11527,10295
11698,13005
12962,13005
11723,4154
11724,4154
11725,4154
11726,4154
11727,7930
11727,1172
11728,7930
11728,1172
11729,7930
11729,1172
11730,7930
11730,1172
9915,7930
9915,1172
11731,7930
11731,1172
11732,7930
11732,1172
11733,7930
11733,1172
11734,7930
11734,1172
11750,7547
11751,7547
11752,7547
11753,7547
11754,7547
11755,7547
11757,7547
11758,7547
11759,7547
11760,7547
11736,7547
11737,7547
11738,7547
11739,7547
11741,7547
11742,7547
11743,7547
11744,7547
11745,7547
11746,7547
11747,7547
11748,7547
11749,7547
2730,7930
6744,7930
11762,7930
11763,7930
4987,7930
9522,7930
4781,1336
5721,1336
6848,1336
8115,1336
9551,1336
11765,7545
11766,7545
11767,7545
11768,7545
11769,7545
11771,7545
11772,7545
11773,7545
11774,7545
11776,7545
11777,7545
11778,7545
11779,7545
11780,7545
11781,5869
11782,5869
11783,5869
11785,5869
11784,5869
11786,5869
11789,5869
11790,5869
11792,5869
11793,5869
11794,5869
11795,5869
11796,4154
11797,4154
10716,4154
10722,4154
9905,4154
11798,6214
1306,6214
11727,6214
11728,6214
11729,6214
11730,6214
9915,6214
5294,6214
11732,6214
11733,6214
11734,6214
11800,2723
11800,3652
7966,2723
7966,3652
11801,2723
11801,3652
1229,2723
1229,3652
11802,2723
11802,3652
1129,2723
1129,3652
11803,2723
11803,3652
11804,2723
11804,3652
11805,2723
11805,3652
11806,2723
11806,3652
11807,2723
11807,3652
11808,2723
11808,3652
11809,2723
11809,3652
11810,2723
11810,3652
9622,2713
11812,2713
11813,2713
4518,2713
6197,2713
11811,2713
9745,2713
2017,2713
11814,8213
11815,8213
11816,8213
5145,8779
5145,7513
7771,8779
7771,7513
10763,8779
10763,7513
10764,8779
10764,7513
10181,8779
10181,7513
3048,6696
11817,6696
11818,6696
11819,4068
11820,4068
11821,4068
11822,4068
11823,4068
11824,4068
7547,7718
11825,7718
11826,7718
11827,7718
3697,7718
11828,7718
5925,7718
11830,8493
3563,8493
5357,8493
11831,8493
437,8493
11832,8493
11833,8493
4303,8493
11834,8493
3063,8493
11835,7951
4011,7951
4539,7951
11836,7951
8391,7951
11837,7951
11838,5418
11839,5418
11840,5418
11841,5418
11842,5418
11843,5418
11851,5418
11845,5418
11846,5418
11847,5418
11848,5418
11849,5418
11850,5418
11852,2762
11852,5160
11852,4287
11852,8181
11853,2762
11853,5160
11853,4287
11853,8181
11854,2762
11854,5160
11854,4287
11854,8181
7374,2762
7374,5160
7374,4287
7374,8181
11855,2762
11855,5160
11855,4287
11855,8181
11856,2762
11856,5160
11856,4287
11856,8181
3262,2762
3262,5160
3262,4287
3262,8181
11857,2762
11857,5160
11857,4287
11857,8181
11858,2762
11858,5160
11858,4287
11858,8181
6376,2762
6376,5160
6376,4287
6376,8181
11859,2762
11859,5160
11859,4287
11859,8181
4280,2762
4280,5160
4280,4287
4280,8181
3883,2762
3883,5160
3883,4287
3883,8181
11860,2762
11860,5160
11860,4287
11860,8181
11861,4601
10261,4601
11862,4601
3687,4601
11863,4601
11864,4481
11865,4481
4665,4481
11866,4481
5875,4481
11867,4481
11868,7545
11869,7545
11870,7545
11871,9432
11872,9432
11873,9432
11874,9432
6559,9432
11875,9432
11876,9432
7336,9432
11877,2190
11878,789
11879,789
11881,789
11882,789
11884,789
11885,789
11886,789
4139,7951
11887,7951
11888,7951
11889,7951
11890,7951
7013,7951
11891,10051
11892,10051
6897,10051
3428,10051
6258,10051
6884,10051
6346,10051
9597,10051
2082,10051
2083,10051
6032,10051
5645,10051
4980,10051
11893,8689
11894,8689
11895,8689
11896,8689
11897,8689
11898,8689
7843,8689
11899,8689
11883,8689
11901,7407
11902,7407
2025,7407
11903,7407
11904,7407
11905,7407
11906,9322
11907,9322
11908,9322
3466,9322
11909,9322
11910,9322
11911,9322
11912,9322
11913,9322
6258,10051
11915,10051
11916,10051
5645,10051
6884,10051
2083,10051
2082,10051
11917,10051
11892,10051
11918,10051
9597,10051
11919,10051
6897,10051
11920,9720
11921,9720
11922,9720
2730,9720
11923,9720
11924,9720
11763,9720
11925,8493
7177,8493
11862,8493
9257,8493
913,8493
11926,8493
686,8493
1100,8493
11927,8493
5058,8493
5798,8493
11928,8493
11929,7055
11900,7055
11931,7055
11932,7055
11933,7055
11934,7055
11935,7055
11936,7055
11937,7055
11938,7055
11939,7055
11941,7055
11942,7055
11943,7055
11944,7055
11945,7055
11946,7055
11947,7055
11948,7055
11930,7055
11788,7055
11787,7055
11949,7055
11950,7055
11951,7055
11955,7704
11952,7704
11953,7704
11954,7704
11956,7704
5067,7704
8696,7704
11957,7704
4519,7704
11959,7704
3148,7704
7583,7704
7554,7704
11960,7704
2326,1653
11965,1653
11961,1653
11962,1653
7837,1653
11963,1653
11964,1653
11970,4068
11971,4068
11966,4068
11819,4068
11967,4068
11823,4068
11969,4068
11976,2730
11972,2730
11973,2730
11806,2730
1229,2730
11800,2730
1129,2730
11804,2730
2310,2730
11807,2730
7966,2730
11975,2730
10387,2730
7082,8493
8707,8493
10442,8493
11982,8493
4008,8493
5183,8493
5811,8493
7082,8493
8707,8493
8989,8493
11982,8493
11977,8493
11984,8493
5811,8493
11978,14649
11979,14649
11980,14649
11985,14649
11986,14649
5700,3284
2699,3284
11991,3284
8663,3284
5798,3284
6572,3284
11987,3284
11988,3284
11989,3284
11990,3284
2884,3284
11996,6022
11996,6023
11992,6022
11992,6023
11993,6022
11993,6023
7876,6022
7876,6023
11994,6022
11994,6023
11995,6022
11995,6023
11997,6022
11997,6023
11998,6022
11998,6023
11999,6022
11999,6023
2699,4768
12004,4768
339,4768
4462,4768
12005,11503
12005,11506
12003,12009
12008,12007
12015,12014
12018,3316
1449,356
457,9962
12023,1831
12029,6781
12025,12024
12026,330
3845,2581
8564,8531
8564,4747
8564,8531
8564,4747
8770,12028
12142,4387
12030,7525
12144,3540
1449,356
12147,3316
12035,12034
1259,12036
1619,5850
12030,3128
12038,12037
12148,12039
12148,1083
12148,9633
12138,4747
2820,12042
12043,4387
3716,1572
3716,3628
5958,12045
12046,3248
12047,8080
457,9962
6269,9629
12050,13601
12052,12051
12152,8194
12153,3460
12153,12053
341,8288
12060,1615
12011,3128
12064,7682
12154,12065
1449,356
6648,1797
9270,6178
10176,3628
3992,4747
12068,12067
6323,12069
12013,13601
8770,12051
5958,12045
5958,8080
3716,3248
3716,12036
10102,4037
2675,7836
1726,4029
12070,4029
12071,356
9270,6178
1726,12073
12027,9629
845,2838
12078,4037
12151,600
6409,1724
12154,12065
12080,12079
12159,12081
12082,5850
3992,2906
12086,4726
12086,4661
5958,12036
12088,3248
6859,4747
12160,9033
8770,12051
8370,1421
2757,12090
12094,2974
12098,3248
12101,12100
1797,9345
12161,BELGIUM (BE)
12109,8887
12109,9443
12071,356
12103,3128
12105,12104
12106,2060
12108,12107
12027,9629
12111,12110
12111,4397
12113,12112
12114,6933
341,1077
12085,12067
12118,3721
12118,5292
12120,12119
12163,12121
12122,5850
4617,7836
12124,6403
12126,1615
12554,12127
12554,9633
12130,12129
12132,12131
12164,6982
12165,4726
8770,12051
12134,1831
12136,12135
3716,12036
12252,12257
12259,13234
12120,12119
12261,12260
14148,12262
11476,7525
12272,12271
12274,12273
12071,356
7429,12275
12311,7682
12282,12281
341,9345
5958,12036
12063,2906
12134,12112
12086,12067
12284,8194
12284,3128
12286,12285
12288,12287
890,2974
12289,8842
12283,12290
12283,12291
12126,12292
12126,1615
12126,12293
12295,12294
7588,12091
12314,8220
12318,1572
12319,8220
12126,12292
12322,12321
12322,3460
12030,9633
12027,9629
12030,12323
12030,4335
12324,12281
12156,3248
12071,356
12328,6933
5148,12329
12272,12271
12330,9345
12332,12331
12333,6403
12333,8539
714,1724
3843,12089
9267,13234
12138,2906
12336,12335
12338,12337
12340,12339
12342,12341
12125,2581
12358,GERMANY (DE)
12345,12344
12094,2974
12347,12346
12348,2097
12348,6983
12348,12349
5958,7016
12353,12112
12327,9327
4133,1421
12372,12107
12272,12271
1432,12374
11476,7525
12377,12376
12382,12384
12109,9443
12393,12392
12394,12091
12251,3628
12251,12337
12398,12397
12400,12420
12402,12401
12403,8080
12421,12404
12421,12405
12407,12365
12409,12408
12240,7682
12330,1077
12410,12012
12412,12411
12063,9629
13737,12413
12383,600
12415,9633
12422,8766
12371,12112
12424,12423
12429,12428
12436,8766
12437,8080
12421,12404
12421,12405
12438,12405
12440,12110
12274,12273
7429,12275
12286,12285
12450,12411
12101,6933
12453,7682
12461,12460
12463,12462
3716,1077
3716,6403
3716,8539
12465,12464
12467,12466
12469,12468
12472,12470
12472,12107
12472,12471
12284,8194
12026,1421
12473,3460
12474,12343
12476,12475
12478,12477
12479,12257
12480,14152
12480,12481
12480,13601
12480,12483
12485,12484
12364,12362
12050,12486
12494,12487
12489,6983
12495,11598
12495,12490
12497,4397
12259,13234
571,12499
12501,12500
11476,7525
12502,9033
14156,12292
12491,12271
12485,12484
12507,12506
12421,12404
12421,12405
12509,12273
12027,9629
12371,3619
12510,13601
12269,2906
12269,9629
12542,2097
12543,12511
12513,12481
12515,12514
12517,12516
12431,5850
12518,12294
12450,12519
12170,12458
12086,12486
12522,12359
12118,3721
12082,12526
12531,1077
12251,3628
12251,12337
12251,2906
8564,9633
12535,4387
12669,12536
12669,3128
12669,12428
6859,8766
6859,12455
12353,12112
5958,9345
12669,8539
12669,6403
12539,12538
12377,12540
12547,12541
12547,12532
8564,12374
12548,12293
11476,7525
12549,4397
2757,12135
12554,9633
12606,12084
12431,5850
12560,12559
12561,12365
12568,6403
12572,12571
12421,12404
12421,12405
12269,2906
12518,12294
12574,12475
12582,12581
12474,12343
12585,12584
12585,12260
12669,12536
6859,3619
6859,12589
12669,12428
12330,8539
5958,12131
3716,12590
12595,12090
12596,2581
12407,12580
12598,12597
12600,12599
12601,12110
7190,12602
12603,603
12118,3721
12609,12540
12609,12374
10988,14666
12474,12483
6859,12586
12626,12625
12371,12321
12474,13601
6859,12287
12628,12627
12629,1421
12631,12630
12539,12538
12394,12636
12451,12638
12645,12644
12647,12288
12660,3619
12663,12662
7190,12664
12665,4387
12163,12458
14156,12349
12712,12667
12673,12672
6859,12589
12421,12404
12474,12343
12645,12676
12453,12042
12681,12680
12683,12682
12684,13234
12547,12541
12547,12532
11735,15263
12713,12540
12607,6933
12689,12688
12690,12112
12286,12285
12692,12691
12695,12694
12696,7836
12669,12536
12669,12135
13188,12722
12704,12703
12330,8539
6932,12388
12593,15732
12705,12131
12706,12374
14148,12707
12398,12397
12714,12708
8013,9962
16287,12709
12711,12597
12027,9629
12720,11598
12720,12131
12721,12664
12714,12708
571,9633
12726,12725
12159,12541
12727,12374
12728,12589
571,12499
12730,12729
12467,12466
12731,13737
12733,12732
12574,12475
12734,12581
12099,12009
12683,12682
12572,12571
12606,3248
2805,12065
12710,14152
12269,2906
12740,12739
12101,6933
12101,12100
12377,12540
12450,12411
12759,12404
12669,12536
12116,6403
6859,12287
5958,12586
5958,3619
6859,1077
12746,12745
12453,12632
12749,12346
12751,12750
12753,12359
12330,8539
12760,12260
12698,12112
13767,12669
12754,12110
12474,12343
12756,12755
12761,12758
12762,11601
11432,11603
11483,11533
12765,11605
11535,11450
12766,11450
11510,12767
11510,11506
12768,12767
12768,11506
12769,12767
12769,11506
11626,12767
11626,11506
12773,12767
12773,11506
10043,1973
10043,7992
407,11464
11469,2539
1260,11543
11546,11543
12775,3269
11425,11424
11492,12776
11643,11642
12777,11645
12779,12778
12780,4771
3830,12784
12785,11647
12806,11647
12786,11647
12787,11701
12789,12788
12790,12788
11706,11705
11488,11573
12791,7045
12792,13689
12793,7854
12784,7854
12794,11712
449,8837
4760,8837
7518,9425
12796,12795
12798,12797
8571,12799
11497,12800
12801,14778
12805,14778
12802,14778
11677,14778
11684,14778
12803,14778
12804,14778
12807,14778
11680,14778
11679,14778
12808,14778
12001,14778
12809,14778
12810,14778
12811,14778
11673,14778
12812,14778
12813, REPUBLIC OF (KR)
12814,14778
11691,14778
12815,14778
12821,14778
12816,14778
12817,14778
11696,14778
12818,13005
12824,12823
11432,11603
12826,11531
11483,11533
12765,11605
12827,11605
5197,1421
12828,11450
12830,12829
12831,12829
12832,1660
12005,12767
12005,11506
12833,12767
12833,11506
12990,12767
12990,11506
11616,12767
11612,12767
11612,11506
12835,12767
12835,11506
12836,12767
12836,11506
11625,12767
11625,11506
12837,1973
11463,1991
11628,1991
12838,11464
12840,12839
12841,12839
11469,2539
1260,11543
12842,2733
11558,11555
12845,12844
12846,11560
12847,11560
12848,11560
12850,11560
12851,11560
12852,11560
12853,11560
9600,11560
12854,11560
12855,11560
12856,11560
12857,11560
12858,11560
12859,11560
12860,11560
12861,11560
12862,11560
12863,11560
12864,11560
12865,11560
12866,11560
12867,11560
12868,11560
12869,11560
17110,11560
12871,11560
12872,11560
12873,11560
12874,11560
12875,11560
12876,11560
12877,11560
12878,11560
12879,11560
12880,11560
12881,11560
12882,11560
12883,11560
12884,11560
12885,11560
12886,11560
12962,11560
12887,11560
12888,11560
12889,11560
12890,11560
12994,11560
12891,11560
12892,11560
12893,11560
12895,11560
12894,11560
12896,11560
12897,11560
12898,11560
12995,11560
12900,11560
11425,11424
12903,12902
449,12904
12905,12904
12906,12904
11702,11701
12908,12907
12909,12907
12910,12907
2880,12912
12914,12913
15924,11573
12791,7045
12917,12916
12918,7525
12919,7980
12920,7980
12921,7980
12922,7980
12923,7980
7555,7980
12925,7980
12926,7980
12927,7980
12928,7980
12929,7980
12930,7980
12931,7980
12932,7980
12933,7980
12934,7980
3052,7980
12935,7980
10550,7980
12937,7980
12938,7980
12939,7980
12940,7980
12941,7980
12942,7980
11622,7980
12943,7980
12944,7980
12945,7980
4674,7980
786,7980
12946,7980
12947,7980
12948,7980
12949,7980
12950,7980
12951,7980
12952,7980
12953,7980
12954,7980
11576,8093
12794,11712
12955,8837
12956,8837
12958,12957
12960,12959
8288,12795
12961,9141
12961,13001
6135,9141
6135,13001
12962,13005
12963,14868
12964,14868
12965,14868
12966,14868
12967,14868
12968,14868
12969,14868
12970,13007
12798,12797
12971,13008
12972,13008
12973,13001
12973,9141
12974,13009
12975,13009
6165,13009
12976,13009
12977,14778
12978,14778
12979,14778
12980,14778
12805,14778
11696,14778
11692,14778
12981,14778
12982,14778
12983,14778
12802,14778
11691,14778
12985,14778
11685,14778
12986,14778
12987,14778
11677,14778
12817,14778
11686,14778
12988,14778
12989,14778
11681,14778
11679,14778
12803,14778
12804,14778
10986,13013
11130,10669
13014,11118
13016,13015
4350,13017
13018,1746
8323,2049
13020,13019
2944,13019
8626,2875
13021,2875
13022,10646
13023,10646
8731,10742
13025,3254
13026,3254
8826,13027
13028,3851
10975,3933
7146,10685
10997,10685
11051,10685
7045,10685
13030,13029
13031,4461
11131,4461
10538,10671
10900,13032
4324,10889
6817,10889
3418,5455
3787,5722
5765,5722
10889,5722
10664,5722
13033,5722
9551,6504
10556,10651
13061,10651
10813,10651
10603,10651
13034,10651
13035,10651
15621,10651
13037,10651
13038,10651
1487,11115
13039,11115
13040,10904
13041,10904
13043,13042
13044,10831
13046,13045
13047,10657
9289,10302
10669,10302
10659,10302
13048,10302
13049,10302
3955,10302
10918,10302
13050,10302
10715,10302
10961,10302
7994,10302
5924,10302
6393,10302
11086,10302
13051,10302
13052,10302
13053,10302
13054,10302
13055,10302
13056,13057
13056,13058
10979,11154
10979,5722
11156,4021
11156,5597
7783,10685
7783,13059
11051,7146
11051,10997
14649,13060
14649,13062
13063,10651
13063,10610
8746,10651
8746,10610
13064,10651
13064,10610
10731,10651
10731,10610
10731,5085
13065,10651
13065,10610
13065,5085
3212,494
3212,6085
3212,5085
11156,6504
11156,11155
11156,10218
13067,4976
13067,13066
13067,4461
13067,13019
13070,10739
14649,13889
10661,10669
11057,10669
10458,13071
13072,1951
8323,2049
10833,13016
13073,10646
4159,13074
5722,3096
8731,10742
13075,3254
13076,3851
13077,3851
10553,3995
10109,10685
4862,4461
10504,4461
3167,10671
10352,10671
4324,10889
6817,10889
10500,10889
13080,10889
3787,5722
5765,5722
13094,5722
10666,6085
10732,6085
13095,6339
18834,6504
9551,6504
1151,10651
13081,10474
5176,UNITED KINGDOM (GB)
16885,10476
10522,10476
13082,10476
13084,13083
13074,13083
2485,7866
13085,10553
13086,8933
10888,10820
13070,10825
5924,10302
10601,10302
5458,10302
9289,10302
7994,10302
10715,10302
10979,11154
10979,5722
6764,11114
6764,13087
13088,3986
13088,11095
8746,10651
8746,10610
3212,6085
3212,5085
1487,7663
1487,10610
1487,7146
7790,7146
7790,10997
11086,7146
11086,10997
18836,7146
18836,10997
18836,5085
7045,1951
7045,10997
7045,7146
13067,13019
13067,4461
10673,368
5458,395
8323,395
2782,10680
3787,1853
3167,13138
13139,2690
13141,13140
10790,10683
13181,13142
7908,3236
1186,4021
10084,4021
3212,10539
13144,4636
13145,4727
13146,4727
11404,10785
1118,10785
6571,10785
11405,10785
10468,10785
3558,10957
786,6562
8202,6562
11395,10474
13147,10474
13148,10474
13149,10474
3559,10474
10868,10476
13150,10476
13151,10476
13152,8294
1855,9019
1697,9019
4182,10706
13121,10706
10538,10706
13125,10706
13153,10706
13154,10706
10925,10706
13126,10706
10931,10181
13157,10181
13155,10181
13156,10181
10067,10181
7994,10860
7134,11028
7134,11029
13159,368
13159,7898
10635,13140
10635,13131
13162,9311
13162,8294
13162,10683
427,10683
427,10706
13140,10706
13140,13154
13163,10706
13163,13154
13164,4727
13164,10706
13165,4727
13165,10706
13166,4727
13166,10706
10571,10706
10571,13167
10778,6816
10778,7898
10778,10706
10782,13135
10782,10706
10782,11055
10782,13137
10782,11052
10782,11053
13170,10622
13170,10539
3727,10622
3727,10539
11051,13171
11051,13172
13174,10541
13174,11409
13174,11410
13174,10706
13174,11055
13175,10566
13175,10541
13175,10921
13177,11408
13177,6816
13177,13176
7379,11408
7379,6816
7379,13176
1057,11408
1057,6816
1057,13176
1855,11408
1855,6816
1855,13176
7140,10790
7140,10791
7140,10792
13178,10790
13178,10791
13178,10792
398,10790
398,10791
398,10792
13179,10790
13179,10791
13179,10792
10688,10790
10688,11016
10945,10795
10945,10796
10945,368
7513,13180
7513,10957
7513,13123
10481,13180
10481,10957
10481,13123
8323,395
6695,395
13097,13071
13098,971
13099,971
13100,971
13101,971
13102,971
13103,971
13104,971
13105,971
10689,971
13106,10677
3787,1853
13107,10755
2148,10469
10702,10683
13109,10683
13110,10683
5398,10683
8853,3511
1186,4021
3212,10539
11028,4727
5176,UNITED KINGDOM (GB)
2200,10955
10288,10955
4018,10785
13111,10785
13113,13112
16306,6562
10955,10474
9551,10474
2593,6971
13114,7898
13116,7898
13117,7898
10674,7898
13118,7898
1336,13119
13120,10706
4727,10706
13121,10706
10538,10706
13122,10706
13123,10706
13124,10706
13125,10706
9461,11024
11026,11024
13126,11024
13157,10181
13127,10181
13128,10181
13129,10181
3559,10860
7994,10860
10945,10795
10945,10796
6095,13131
6095,13132
3167,10622
3167,10539
10693,10622
10693,10539
5458,10622
5458,10539
14203,10622
14203,10539
3727,10622
3727,10539
11389,10622
11389,10539
1057,13176
1057,11408
1855,13176
1855,11408
9242,13176
9242,11408
636,8835
636,7898
971,10683
971,8294
13133,10683
13133,10706
11407,4727
11407,10706
10575,4727
10575,10706
10849,4727
10849,10706
11413,10630
11413,4727
11413,10706
13134,10677
13134,9311
13134,10748
10782,13135
10782,10706
10782,13136
10782,11055
10782,13137
10782,11052
10782,11053
12849,11560
3845,2130
12006,2130
6178,6891
3716,5150
12011,5150
12138,5150
3426,5150
5951,5150
12012,5150
2675,5150
12013,5150
10176,5150
9345,1797
6648,1797
12139,12016
12017,12016
12140,6178
12019,6178
12020,6178
9270,6178
12141,12021
4882,12021
12027,9629
6269,9629
6749,5292
8916,5292
845,2838
12031,2838
12032,2838
12143,SPAIN (ES)
8682,6178
12140,6178
12145,6178
12011,6005
10176,6005
4882,8220
12040,8220
4034,1797
6648,1797
12041,1797
12149,12044
12150,12044
5958,2027
12151,2027
4617,7836
12054,7836
6749,5292
4027,5292
8916,5292
12056,12055
12057,12055
1432,12058
12059,12058
12061,4726
12062,4726
12063,9629
12027,9629
6269,9629
795,2906
10249,2906
12013,2906
12013,13601
12066,5292
12155,8842
12157,8842
4882,8220
12040,8220
6178,12072
12158,12072
12011,5292
12074,5292
12075,5292
12066,5292
12077,5292
12085,12067
12086,12067
2736,1572
5958,1572
3843,12089
2757,12089
2757,12091
12092,12091
12093,12091
12096,12095
12097,12095
12099,6178
9270,6178
12162,4747
2675,4747
3992,2906
12063,2906
2736,1572
12115,1572
12116,1572
10102,5292
12117,5292
12066,5292
6859,3721
5958,3721
12125,2581
12126,2581
12166,6178
12167,6178
12168,6178
12169,6178
12170,6178
12171,6178
12172,6178
6758,6178
12173,6178
12174,6178
12175,6178
12176,6178
12177,6178
12178,6178
12179,6178
12180,6178
12181,6178
12182,6178
12183,6178
12184,6178
12185,6178
12296,6178
12187,6178
12188,6178
12190,6178
12191,6178
12192,6178
12193,6178
12195,6178
12194,6178
2130,6178
12298,6178
12196,6178
12020,6178
12299,6178
1643,6178
12197,6178
12198,6178
12199,6178
12031,6178
12200,6178
12302,6178
12204,6178
12205,6178
12208,6178
12201,6178
12201,6178
12209,6178
12306,6178
12210,6178
12211,6178
12212,6178
12213,6178
12019,6178
12214,6178
12215,6178
12216,6178
9270,6178
12218,6178
12219,6178
12220,6178
12221,6178
12099,6178
12222,6178
12223,6178
12307,6178
12229,6178
12230,6178
12233,6178
12234,6178
12235,6178
12236,6178
12237,6178
12238,6178
12244,6178
12245,6178
12246,6178
12247,6178
12248,6178
12249,6178
12250,3628
12251,3628
12252,2581
12253,2581
12254,2581
12255,2581
12256,2581
12265,12264
12266,12264
12267,12264
14954,12264
12310,4747
12269,4747
12269,12131
12270,4747
5951,12089
7588,12089
12276,5850
12277,5850
12278,5850
12277,5850
12280,12279
12164,12279
2736,1077
341,1077
2736,1572
12116,1572
341,628
12313,628
12283,12131
12063,9629
12027,9629
12315,8842
12289,8842
12316,7525
12317,7525
12310,4747
12270,4747
2915,12294
12295,12294
12320,3128
12156,3128
12355,7836
12354,7836
7682,7836
12325,6178
12307,6178
9270,6178
12134,5850
12153,5850
12326,5850
12327,5850
5958,1077
12330,1077
12315,9033
12357,9033
12334,9033
12350,600
12351,600
12352,600
2757,12359
12416,12359
12360,12359
12361,12359
12363,12362
12364,12362
12365,12362
12366,3248
12367,3248
12368,3248
12369,3248
12370,3248
5958,12131
12371,12131
12269,12131
12416,12343
12375,12343
12378,14152
12379,14152
12380,14152
12381,14152
12382,6403
12383,6403
9270,6178
12177,6178
12173,6178
12385,5850
12386,5850
12387,5850
12418,12388
12267,12388
6932,12388
12389,7016
12390,7016
12391,7016
2757,12089
12396,12089
12419,12089
7190,12089
6859,8539
3843,8539
12272,12271
12491,12271
12425,3127
12426,3127
12427,3127
7190,3127
12284,3127
12430,5850
12431,5850
12432,5850
12433,5850
12434,5850
12435,5850
9270,6178
12307,6178
12439,4397
12111,4397
12442,12441
12443,12441
12445,2097
12446,2097
12448,2097
12447,2097
3721,2097
12449,2097
5958,12089
12451,12089
12452,12089
12276,12089
12027,9629
12269,9629
12063,9629
12454,12337
12251,12337
12621,12455
12457,12455
12493,12458
12459,3628
12251,3628
12669,12089
2757,12089
12503,3248
12504,3248
12505,3248
9270,6178
12508,6178
12145,6178
12544,12475
12545,12009
2581,12520
12521,12520
3992,2906
12063,2906
12522,4563
12523,4563
12524,12065
12525,12065
5958,12405
12669,12405
12371,12405
12550,12405
12551,12405
12554,12553
12555,12553
12604,8766
12436,8766
12101,6933
12556,6933
12101,12100
12548,12100
12027,9629
12269,9629
12515,12557
12558,12557
12074,3628
12251,3628
12440,3628
12607,3628
6932,12388
12562,12388
12563,3128
12564,3128
12427,3128
12539,12538
12565,12538
12566,12538
12567,12538
12251,12337
12569,12337
12608,12009
12240,12009
12570,12009
12099,12009
9270,6178
12188,6178
12573,6178
1432,3248
12575,3248
12576,3248
12577,3248
12578,3248
12579,3248
12580,3248
12474,1077
12583,1077
12585,12586
12587,12586
12115,4387
12535,4387
12588,4387
12592,15732
12593,15732
12594,15732
12539,12538
12715,12538
12716,12557
12717,12557
12515,12557
12607,3127
4851,3127
12427,3127
12718,3127
11476,7525
12317,7525
12371,12337
12723,12337
12467,12337
9270,6178
12724,6178
571,12486
12086,12486
12736,12281
12737,12281
12620,12455
12621,12455
12622,12455
12738,3628
12440,3628
6859,12522
12515,12522
12669,12135
12113,12135
12115,4387
12535,4387
12669,8766
12604,8766
12353,5850
12743,5850
12747,12490
12748,12490
12330,1421
5197,1421
12643,12590
12757,12590
6859,12580
12624,12580
12635,12632
12633,12632
12208,12632
12082,12526
12637,12526
12640,12639
12641,12639
12642,12590
12643,12590
12515,12557
12646,12557
12648,3128
12427,3128
797,3128
12649,12490
12650,12490
12651,3248
12652,3248
12653,3248
12379,3248
12654,3248
12578,3248
12577,3248
12656,3248
12570,12009
12657,12009
12658,3460
12659,3460
12661,3628
12074,3628
12440,3628
2511,4397
12666,4397
13767,12669
12671,12669
12330,12329
13188,12329
12675,12329
12451,5850
12677,5850
12678,5850
12622,5850
9270,6178
12679,6178
12099,6178
12330,6403
12685,6403
12669,12260
12687,12260
12317,7525
12693,7525
12698,12697
12699,12697
12701,12337
12702,12337
12598,12337
12550,12337
12269,9629
12027,9629
12509,14152
12710,14152
13183,12912
13184,7980
13185,7980
13186,7980
12687,12586
13188,13187
12427,12580
13189,12580
13190,12321
13191,12321
6859,12287
13192,12627
12628,12627
12629,1421
13193,12630
12539,12538
12276,12632
13194,12632
13195,13196
13198,13197
13200,13199
13201,13199
12086,12486
13202,12590
13203,12557
13204,12557
12515,12557
13206,13205
12641,13207
13209,13208
12284,3128
13210,12490
797,12273
13211,12009
13220, ISLAMIC REPUBLIC OF (IR)
13221,12464
12684,3460
12658,3460
8564,3619
12663,12662
13222,4387
13223,4387
13188,13224
13767,12669
12673,12672
13225,12584
13226,12293
5958,12589
12421,12404
6859,12329
13227,12329
12675,12329
13188,13228
12645,12676
13230,13259
12743,5850
13221,5850
12451,5850
12678,12281
2820,5958
13231,12110
9270,6178
13191,13232
5958,12680
12683,12682
13233,12682
9267,13234
13269,6403
13235,15263
12687,12260
13191,12260
12377,12540
6178,12032
13237,12032
13261,13238
13262,13239
13242,13241
13244,12519
890,12697
12669,12536
5958,12536
13263,12337
13245,12337
12284,8194
13247,13246
3619,12722
12593,15732
13264,12131
13248,12131
13249,12131
5958,12374
14148,12707
13250,12708
12721,12091
12734,12581
8013,9962
13251,9629
13265,9633
13253,14152
13254,14152
13258,13255
13267,368
10748,368
13268,368
10468,368
11389,368
8323,395
1318,971
13270,2690
10082,10683
13271,10683
13272,10683
13273,10683
10776,13274
13275,10566
13276,3559
4407,4021
10084,4021
13277,10639
13278,4727
13279,4727
13280,4727
1186,6097
11391,13281
2200,10474
13282,10474
3559,10474
10854,6816
13283,10476
13284,13180
13286,10706
2567,10706
13287,10706
10746,10706
10691,10706
13125,10706
13170,10706
13288,10706
10478,10706
13289,10706
13290,10706
13291,10706
13292,10546
10786,10860
7994,10860
13295,398
13295,9584
4018,971
4018,10550
10777,971
10777,10683
10777,10756
13297,10683
13297,13296
13298,10683
13298,8294
10931,10683
10931,8294
13299,10683
13299,8294
13300,10683
13300,9311
13300,8294
13301,10683
13301,9311
13301,8294
13303,11043
13303,13302
13305,4577
13305,13304
11051,13172
11051,13171
10584,10476
10584,10583
13308,13306
13308,13307
13157,11053
13157,10706
10784,11053
10784,10706
13309,11053
13309,10706
13310,11053
13310,10706
13311,11053
13311,10706
13312,11052
13312,11053
13312,10706
13313,11052
13313,11053
13313,10706
13314,11052
13314,11053
13314,10706
10004,11052
10004,11053
10004,10706
13316,4727
13316,10706
1081,13154
1081,10706
10875,10706
10875,13154
10875,395
10288,10706
10288,4727
10288,10955
10538,10706
10538,10859
13317,9429
13317,3575
13317,10706
13307,9429
13307,3575
13307,10706
10539,9429
10539,3575
13319,9429
13319,3575
13320,9429
13320,3575
3212,9429
3212,3575
8398,10860
8398,3559
15416,10860
15416,3559
10781,10860
10781,3559
1057,11408
1057,6816
1057,13176
1855,11408
1855,6816
1855,13176
1697,11408
1697,6816
1697,13176
10945,10795
10945,10796
10945,368
9461,13326
9461,13324
9461,10700
9461,13325
3436,13013
13327,13013
10807,10669
13328,1007
10823,1007
13389,1007
13330,1007
13331,1007
13332,1007
13333,1007
6924,1007
13334,1007
13335,1007
13014,11118
13336,13015
7258,13015
8323,13015
13337,11122
10882,1746
13390,1746
2825,1994
8323,2049
7631,13016
13338,13016
13339,2875
18840,3072
13341,3851
13342,3851
7146,10685
1856,4213
13343,10685
10997,10685
11051,10685
7783,10685
10604,10685
13344,4461
13345,4461
11070,4461
13347,10671
10507,13348
10730,5085
6817,10889
13349,5722
3787,5722
3559,13350
10657,6085
13351,6339
6436,6339
13352,6339
13353,6339
13354,6339
13431,6339
13356,6504
13357,6504
10816,6504
13358,6504
10535,6504
10814,6504
9461,6504
10815,6504
13359,10474
13360,10476
13361,10476
13362,10819
7540,10948
13363,11115
10720,14769
13365,14769
13366,14769
13368,13367
13369,10831
7663,10657
10539,10657
13370,10657
10989,10657
13371,10657
13372,10825
13373,10302
9289,10302
8764,10302
11086,10302
6393,10302
13375,13374
13376,13374
6764,13374
13378,13377
3212,494
3212,6085
10979,11154
10979,5722
13067,13019
13067,4461
1487,11115
1487,13019
16728,10476
16728,13019
4154,11157
4154,10654
13381,10831
13381,10502
13382,13013
13382,1746
13382,10669
13382,10302
2488,13013
2488,13383
2488,13384
2488,13385
5458,13383
5458,13385
5458,13384
7994,10669
7994,7400
7994,10302
13386,11118
13386,10904
13386,8538
11156,4021
11156,8589
11156,6504
8398,10825
8398,13388
8398,3254
8398,10665
13432,11601
13392,550
11432,11603
11483,11533
5197,1421
12828,11450
12766,11450
5745,1660
11616,11503
13437,11464
11546,11543
11544,11543
11545,11543
9600,11630
13394,12843
12845,12844
12875,11560
13395,11560
13396,11560
12889,11560
13397,11560
12884,11560
13398,11560
13399,11560
13400,11560
12877,11560
13401,11560
13402,11560
13403,11560
12862,11560
13404,11560
13405,11560
13407,11560
13408,11560
13409,11560
13410,11560
13411,11560
13412,11560
13457,11560
12874,11560
13413,13414
11425,11424
13415,3788
13416,3788
13417,3788
13418,3788
13419,3788
13421,3788
12954,3788
13425,13424
13427,13433
13429,13428
11542,13430
13434,12907
13435,12907
2880,12912
13481,13436
13438,6627
13440,13439
13441,11712
449,8837
10534,8837
3269,8837
12955,8837
13442,8837
13444,13443
13445,13443
13446,13443
13447,9221
13448,9391
13450,14091
12798,13451
13453,13452
12972,13008
11626,12800
12975,13009
12973,13009
12803,14778
1143,14778
12962,13005
13459,13005
2955,10538
3167,10538
2988,8746
10498,8746
10471,8746
13461,8746
9296,8746
1487,8746
10597,8746
4844,8746
7863,8746
9309,8746
10835,8746
10605,9207
721,9207
10659,9289
2111,9289
3041,13462
3955,10302
10241,10302
9461,6968
9461,4823
10163,8746
10163,7663
6567,8746
6567,9207
9751,7663
9751,8815
9751,9207
5152,1283
13474,3892
13475,3892
13476,3892
13477,3892
13478,3892
13479,3892
10460,3892
13482,3892
2973,3853
12277,5850
6901,3795
6901,2688
5302,1289
13739,620
13741,13443
13737,13735
13740,13735
13807,12487
12463,13742
13743,330
13745,13744
13746,12455
13747,12455
12454,12455
12192,13748
13188,13187
12402,12580
12407,12580
13190,12321
13749,820
13263,12287
12236,12287
12692,12119
12407,12365
13808,1421
6859,1421
6859,12697
12539,12538
13810,12632
13751,13750
12677,13752
13753,12341
12082,12526
13754,2097
13805,12590
12515,12557
3992,2906
12284,3128
12649,12490
13755,12490
13756,12490
12164,13757
12698,13758
12115,13758
13760,13759
12663,12662
7190,12664
14148,12262
12118,3721
12101,12100
12429,13761
12665,4387
13764,13763
14156,12349
13766,14999
13767,12669
12673,12672
12451,12293
13226,12293
13769,13768
5958,12589
13864,12404
13770,12522
12440,5850
7190,5850
12743,5850
12678,5850
13772,5850
13773,5850
13774,12281
13775,12110
12219,6178
12220,6178
13776,6178
12099,6178
9270,6178
5958,12680
12683,12682
12684,13234
13269,6403
13777,12260
13812,12260
12550,12260
12377,12540
12698,13778
13242,13241
12503,12112
13780, ISLAMIC REPUBLIC OF (IR)
13774,13781
13206,12697
12669,12536
3619,13783
13756,12388
13866,8557
12318,15732
12593,15732
12454,12131
13249,12131
12604,13791
13792,8842
5958,12374
14148,12707
13794,12475
12652,12397
13796,13795
12714,12708
13797,12091
13798,12401
12269,9629
13799,9629
12698,9633
13813,9633
13814,9633
12710,14152
12379,14152
12367,12597
13802,12597
13256,13255
12485,13803
13799,13804
13815,11598
13816,11598
11389,368
13157,368
10468,368
11054,368
10875,395
8323,395
13817,395
13818,971
4889,971
11030,1342
10475,1342
5398,10683
13819,10683
13820,10683
5458,11043
13821,11043
13877,10868
13823,4021
13824,4021
13825,4706
13826,4706
13827,4706
13828,4706
13829,4706
11028,4727
11022,4727
11017,4727
13830,4727
10935,4727
4149,4727
13832,4727
13833,4727
10849,4727
11023,4727
10288,4727
11407,4727
4021,10570
13834,10570
13835,10570
13836,10474
10955,10474
11033,10474
10618,10474
2552,10474
13837,10474
11032,10474
11035,10474
11033,10474
11036,10474
13838,10474
13840,13839
13841,10476
11037,7977
10545,10939
10530,10939
13842,10706
368,11024
10466,11024
13843,11024
13844,9551
13845,9551
13846,9551
8744,9551
10755,10067
10758,10067
7994,10860
13848,971
13848,10550
13905,11404
13905,11405
13906,11404
13906,11405
8323,11404
8323,11405
8323,10765
10688,10790
10688,11016
13852,11043
13852,13176
13853,395
13853,11043
427,10683
427,11043
427,13854
13170,10683
13170,11043
13916,10683
13916,11043
13917,10683
13917,11017
13298,10683
13298,8294
13919,10683
13919,8294
10931,10683
10931,8294
13920,10683
13920,8294
13920,9311
10067,10683
10067,10570
10067,10755
10538,7898
10538,10859
10538,10683
10538,11043
13921,11030
13921,4727
13922,11030
13922,4727
13923,11030
13923,4727
13924,11030
13924,4727
11082,10755
11082,10758
10756,10755
10756,10758
10759,10755
10759,10758
13925,10755
13925,10758
13882,13880
13882,13881
13884,13325
13884,13883
13885,4375
13885,4401
13886,10796
13886,10795
10945,10795
10945,10796
10945,368
11051,13171
11051,13172
636,9429
636,3575
3212,9429
3212,3575
10549,9429
10549,3575
10549,13276
10524,10939
10524,3575
10524,9429
11026,11024
11026,368
13126,11024
13126,10706
11391,10541
11391,11409
11391,11410
10467,9584
10467,6062
10467,13887
1186,4706
1186,3559
1186,4021
1186,6097
14649,13889
9668,13889
2049,13013
13936,13013
13890,13013
13891,13013
10335,13013
13893,13892
10979,10669
13014,11118
13894,10728
13895,1869
7783,13896
8764,2016
8323,2049
13898,13897
7631,13016
13899,11125
3787,13019
13067,13019
10904,13019
13901,13900
13902,2875
13903,3072
13904,3212
13907,16306
13908,3933
13909,11155
13910,4401
10592,4461
13911,4461
5308,4461
10978,4461
13912,4461
10663,13032
13914,13932
13915,13932
11151,13932
14666,10889
13926,10889
13090,10889
921,10889
13927,10889
5924,10889
13928,5921
13931,13930
10810,6504
9551,6504
13971,13934
13971,13934
13972,13934
13973,10476
13974,7110
10830,7400
10898,10592
13975,7400
4149,7790
10502,10737
13977,13976
13979,13978
13980,10657
8746,10657
10835,10657
10829,10302
13981,10302
13982,10302
13983,10302
13984,10302
6393,10302
13985,UNITED STATES (US)
10990,10302
9289,10302
11160,10302
10902,10302
11086,10302
13986,10302
7400,10302
5084,10302
5084,5722
13987,11122
13987,13019
1487,11115
1487,13019
10670,13896
10670,13988
13989,10593
13989,13889
13991,13090
13991,13990
13992,11157
13992,10654
13993,10983
13993,1746
13994,10983
13994,1746
13995,13062
13995,13060
10886,13062
10886,13060
8398,3254
8398,10665
8398,10825
8398,13388
10644,10732
10644,4159
10820,10302
10820,3851
13996,13013
13996,13383
13996,13385
13996,13384
5458,13013
5458,13383
5458,13385
5458,13384
10538,13013
10538,13383
10538,13385
10538,13384
13998,13013
13998,13383
13998,13385
13998,13384
13998,13997
10999,13999
10999,14000
10999,14001
7994,10669
7994,7400
7994,10302
14004,7400
14004,14002
14004,13016
13386,11118
13386,10904
13386,8538
3212,494
3212,6085
3212,10302
3212,10657
3212,14005
3212,13371
3212,13019
11432,11603
11483,11533
5197,1421
14064,11450
12766,11450
12828,11450
14006,11450
14008,14007
12832,1660
14009,1660
11628,1991
14010,11464
14011,11464
4927,14012
12854,11560
12850,11560
14013,11560
14014,11560
14015,11560
12897,11560
14016, REPUBLIC OF (KR)
14017, ISLAMIC REPUBLIC OF (IR)
13427,13433
14021,5267
11559,12042
1446,14024
14026,14025
11535,8837
14028,9221
13450,14091
14030,14029
14032,14031
14035,14033
12798,12797
12975,13009
12973,13009
14038, THE DEMOCRATIC REPUBLIC OF THE (CD)
14039,14778
14040,14778
6158,14778
14041,14778
11696,14778
14042,14778
12001,14778
14043,14778
14044,14778
14045,14778
14046,14778
14047,14778
14048,14778
12816,14778
14050,14778
14051,14778
12803,14778
14053,14778
14054,14778
14055,14778
14056,14778
14057,14778
14058,14778
14059,14778
14060,14778
11677,14778
12802,14778
14063,10295
12962,13005
11432,11603
11682,14065
14066,11450
14068,14067
14069,14067
11612,11503
11612,11506
6158,11604
1557,14102
14071,13460
14103,12904
14072,12904
14073,12904
11616,12904
14074,12904
7071,12904
14075,12904
14076,12904
14077,12904
3269,12904
14078,12904
13427,13433
14079,5267
14081,14080
14082,7525
14084,15828
14086,12703
14087,12703
11612,11506
11612,11503
14061,14088
14089,9370
6158,9441
14090,12795
13404,12795
13450,14091
14092,14029
14093,10359
14094,10359
12798,12797
14096,14095
13392,14098
6158,14778
14044,14778
14063,10295
7555,10295
6735,13005
14100,14098
14099,14098
12698,13735
14111,13735
13737,13735
12669,330
14113,12586
13261,12586
13747,12455
14115,14114
14116,13187
14117,12580
12397,12580
12575,12580
12371,12321
12451,12321
13190,12321
14120,12321
5958,14118
12570,12287
14119,12287
14121,12119
12402,12538
7190,13750
12082,12526
6859,12590
14123,13207
14125,12490
13249,12490
14127,14126
14128,12009
12317,13212
14129,3460
14111,14130
14132,14131
14133,3619
12156,3619
12251,3628
7190,12664
12101,12100
13764,13763
14156,12349
12673,12672
13226,12293
12698,12589
14111,12404
13770,12522
14138,12331
12560,13228
12435,5850
12678,5850
12743,5850
12378,5850
14135,5958
13193,14136
14137,6178
9270,6178
12683,12682
13269,12090
12692,13234
14138,6403
13269,6403
14140,14139
14141,15263
13777,12260
12760,12260
14142,12260
12550,12260
12377,12540
12227,12573
12640,12257
12698,13778
12031,12032
14143,12032
12167,12032
13798,13241
12649,12112
14145,12112
14146,12519
13749,7836
14147,12697
890,12697
6859,12697
6859,13199
12677,12272
14148,12707
12476,12475
12714,12708
14149,9962
12138,9629
12027,9629
13767,9629
14151,14150
13252,9633
14161,9633
12156,9633
14153,14152
14154,12597
14155,11598
12669,10463
14157,12069
13157,368
4149,368
14178,368
10943,368
10782,368
11389,368
8323,395
14179,929
14180,971
14267,14181
5176,UNITED STATES (US)
14182,10526
2378,10526
14183,10526
14184,10526
14185,3289
10688,11043
14186,11043
14187,11043
14188,11043
11046,11043
11047,11043
11056,11043
14190,11043
14191,11043
6446,11043
14192,11043
11049,11043
398,11043
14193,11043
14194,11043
14195,4021
14196,4401
14197,4577
14198,4706
10956,4706
14199,4727
10528,4727
14200,4727
14201,4727
14202,4727
10575,4727
13836,4727
10622,13350
9461,13350
14203,6095
14204,10474
11395,10474
14207,10474
14209,10474
9551,10474
14210,10474
14211,10474
14212,10474
14213,10474
14214,10474
14215,10474
14216,10474
10528,10474
10868,10476
18980,10476
10817,10476
14219,10476
14220,10476
14221,10476
3933,10476
14222,10476
10538,7898
14223,7898
9242,10876
14225,14224
14226,10546
14228,10860
3559,10860
7994,10860
10931,395
10931,11043
10706,971
10706,7898
14229,10746
14229,10860
11053,10746
11053,10860
10922,10921
10922,10784
14231,10921
14231,10784
14234,14232
14234,14233
14235,14232
14235,14233
14275,14232
14275,13180
14236,11043
14236,13302
14237,11043
14237,10876
1697,11043
1697,10876
14238,11043
14238,14224
10856,3575
10856,9429
14239,3575
14239,9429
2200,13880
2200,13881
14240,4021
14240,8294
14241,4727
14241,11030
11051,13172
11051,13171
11040,6562
11040,7977
14243,10474
14243,14242
14241,10474
14241,9551
14246,14244
14246,14245
14241,3559
14241,10860
10945,10795
10945,10796
10945,368
14249,14247
14249,14248
14249,11043
14250,10541
14250,11409
14250,11410
13170,11043
13170,3575
13170,9429
3212,11043
3212,3575
3212,9429
10539,11043
10539,3575
10539,9429
1855,13172
1855,13171
1855,10639
1057,13172
1057,13171
1057,10639
7379,13172
7379,13171
7379,10639
11391,10541
11391,11409
11391,11410
11391,10921
14252,10541
14252,11409
14252,11410
14252,10921
14252,10566
10067,11043
10067,395
10067,971
10067,11404
10067,11405
14258,14253
14258,14254
14258,14255
14258,14256
14258,14257
14266,14260
14266,14261
14266,14262
14266,14263
14266,14264
14266,14265
8323,13889
14649,13889
10593,13889
13989,13889
10888,10822
10538,13013
14158,13013
14159,13013
14160,13013
10335,13013
11120,10669
14162,10669
10979,10669
10685,1007
14163,1007
14164,1007
14165,1007
14166,1007
11117,1007
14167,13015
13337,11122
8323,2049
10669,13016
7631,13016
10541,11125
13899,11125
3787,13019
14169,13019
15573,13019
14172,13019
13022,10646
14173,10646
10597,3212
11067,3212
10335,3254
13901,3254
13062,3822
8946,14276
10885,11155
14174,11155
10218,11155
14175,4159
14177,14176
14707,14277
10611,4401
14269,4401
14270,4401
11391,4401
10610,4401
5084,4401
13048,4461
14271,4461
16717,4461
11131,4461
13982,13348
6393,13348
11152,13032
6817,10889
14273,10889
14274,10889
9218,10836
3559,13350
11086,14278
11156,6504
14279,6504
9461,6504
9551,6504
14280,13934
14281,13934
14282,13934
14283,10476
10622,10476
9461,10476
14284,7110
3034,10983
14286,7400
11077,7400
14287,7400
11078,7400
13031,10592
14288,10583
4149,7790
9668,7866
4719,14289
10505,11095
14290,10988
13998,10831
13979,13978
5458,13045
14292,10657
11074,10657
14293,10657
10539,10657
3193,11105
3193,14294
13908,10669
13908,3933
14740,10669
14740,3933
7994,10669
7994,7400
14297,10878
14297,14296
14298,10878
14298,14296
14299,10878
14299,14296
10879,10878
10879,14296
10832,13896
10832,13988
7783,13896
7783,13988
1487,13019
1487,11115
5042,13019
5042,10831
7146,13032
7146,13934
14302,6393
14302,8764
14303,6393
14303,8764
10563,6393
10563,8764
11156,6504
10458,11157
10458,10654
14304,10831
14304,10939
14306,4401
14306,3254
14306,13019
14004,14002
14004,13016
3212,494
3212,13371
3212,14005
3212,10657
14316,13013
14316,14307
14316,13384
14316,13385
14308,7663
14308,13017
14308,14310
14308,14311
14308,14312
12849,11560
12766,11450
11536,11450
12828,11450
14313,11450
14314,11450
14315,14098
14317,14098
6158,14778
4936,14318
14319,14318
14323,14318
11432,11603
14320,11533
14075,11450
14792,11450
12766,11450
14322,1744
14325,14324
14325,14326
14325,14326
14327,14326
14328,12767
14329,11503
14330,12767
5771,12767
11508,11503
14332,11503
14333,11503
14333,11503
13437,11503
14334,11503
14336,1973
14337,1991
14338,1991
14339,1991
14340,1991
14341,1991
14342,1991
14343,1991
6168,1991
14344,1991
14345,1991
14346,1991
14347,11464
14348,11464
14349,11604
6158,11604
14404,14350
17049,3269
3061,14352
3061,6447
14354,14353
14355,14353
14124,14405
14357,14356
14358,14405
14359,14405
14360,14405
11606,14405
13430,14405
14362,14361
14364,14848
3269,4395
14407,14365
13427,13433
12953,14367
6132,13436
14368,6447
14368,14352
14369,14022
14371,14370
14373,14372
14374,7980
14376,14811
14378,14377
7045,14379
14380,8837
407,14027
3230,14027
14408,14027
6158,9441
14382,10320
14383,14029
14409,14029
14385,14384
14387,14386
14388,14386
14410,14389
14391,14389
14392,14389
14096,14095
14394,14393
14395,14393
14397,14396
14398,14778
14399,14778
6158,14778
11687,14778
14400,14778
14401,14778
1143,14778
14063,10295
14403,14402
14420,2728
6913,2728
4668,2728
6650,2728
7283,5636
1038,5636
14411,5636
8006,5636
13063,10739
8323,13889
14746,14666
13040,13013
14668,13013
4149,368
3955,10669
14669,10669
14670,1007
13336,13015
4854,13015
7258,13015
13094,14655
8323,2049
1666,14671
13064,13016
14672,13016
10918,2466
13899,11125
14673,2875
14674,2875
14675,3212
11142,3254
10718,3254
14676,3254
13026,3254
14677,3254
10733,14678
14679,14678
13067,3851
14680,3933
14681,4212
14682,14176
14683,14176
11161,14176
8092,14176
2555,14176
11391,4401
10610,4401
14605,4461
10507,13348
6393,13348
8764,13348
14686,14685
14687,13032
10535,13032
10961,13032
2488,14688
14689,13932
13022,13932
921,10889
13927,10889
14690,14617
14692,14691
10813,13934
14693,13934
14694,13934
4727,10917
14584,10917
14696,14695
352,10476
18834,10476
18980,10476
18978,10476
14699,10476
14700,10476
18981,10476
18970,10476
18973,10476
18976,10476
18836,10476
18969,10476
14706,10476
13019,10476
10508,10476
13037,10476
14708,14707
1487,11115
13041,10904
14709,10988
11156,8589
14710,13343
5765,14711
14712,10810
14713,10810
13356,10810
13358,10810
10815,10810
13357,10810
10645,10831
13979,13978
13328,14663
14716,14663
14717,13045
5458,13045
10651,13045
7783,13045
11139,13045
1359,10657
10501,10657
10539,10657
14718,10657
10731,10657
10496,10657
14719,10657
14720,10657
14721,10657
11160,10657
10538,13013
10538,10671
13908,10669
13908,3933
9289,10669
9289,3933
7994,10669
7994,7400
13993,1746
13993,10983
14722,1746
14722,10983
14723,1746
14723,10983
10670,13896
10670,13988
7783,13896
7783,13988
13998,13074
13998,4159
14744,13074
14744,4159
14726,14724
14726,14725
13061,3072
13061,5921
10975,3933
10975,10980
13033,3995
13033,14727
7631,4461
7631,13045
14729,13348
14729,14728
14730,13032
14730,13934
14731,13032
14731,13934
13090,13032
13090,13934
7146,13032
7146,13934
14732,10917
14732,10657
14649,13062
14649,13060
13982,10669
13982,4461
13982,7400
13067,14733
13067,14734
13067,13045
11138,14735
11138,14736
11138,14737
8398,3254
8398,14738
8398,14198
3212,494
3212,13371
3212,14005
3212,10657
14004,14740
14004,13016
14004,14002
14004,7400
14741,13016
14741,14742
14741,14743
14741,14745
14665,4461
14665,3933
14665,6339
14665,10980
14004,10739
14584,10739
8323,13889
14586,14585
14587,13013
14588,13013
13074,13013
14589,13013
10538,13013
14590,10669
14591,10669
10979,10669
13390,10669
13382,10669
14592,10669
14593,10669
10820,10669
14594,1007
10522,1007
13014,11118
14595,13015
13894,10728
14597,14596
14598,14596
8323,2049
13899,11125
2944,13019
14599,13019
11137,13019
10600,13019
3787,13019
14600,13019
10654,13019
14601,10646
14173,10646
10597,3212
9668,3212
14602,3254
8398,3254
14177,14176
14603,14176
11391,4401
10610,4401
14604,4461
14605,4461
14606,4461
14607,4461
14608,4461
14609,4461
14610,4461
14611,4461
6393,13348
14612,13032
10948,13032
13022,13932
2004,14284
6567,10889
9282,10889
14614,14613
3418,5455
13030,14615
14616,5921
14618,14617
11158,14617
14620,14619
14621,13934
14622,11157
14623,11157
14624,11157
10622,10476
14625,10476
10508,10476
11156,10476
9461,10476
5924,14626
4194,7317
14628,7317
10181,7317
14629,7400
14630,7400
14631,7400
4149,7790
14632,14768
10974,14769
10971,14769
14634,14633
14635,14633
14636,14633
10502,10737
14638,14637
1464,13978
10736,13978
14639,13045
14733,13045
5458,13045
10651,13045
8323,13045
8732,13045
14748,13045
11073,10657
14642,10657
14643,10657
14644,10657
14645,10657
10910,10657
10539,10657
5722,10657
14646,10657
6550,10657
11144,10657
14647,10657
14649,13889
14649,14648
14650,13013
14650,13997
13908,10669
13908,3933
9289,10669
9289,3933
7994,10669
7994,7400
14652,10487
14652,14651
14653,10487
14653,14651
14654,13896
14654,13988
7783,13896
7783,13988
1487,13019
1487,11115
10666,4461
10666,13045
6646,4461
6646,13045
7146,13032
7146,13934
14655,6562
14655,10737
10181,14656
10181,14657
6764,13889
6764,14658
6764,14659
13982,10669
13982,4461
13982,7400
14750,14660
14750,14661
14750,14662
1811,13019
1811,11157
1811,10654
4159,13074
4159,14663
4159,10657
14664,4461
14664,3851
14664,13045
3212,494
3212,13371
3212,14005
3212,10657
14665,4461
14665,3933
14665,6339
14665,10980
11156,10476
14412,368
14414,368
14415,368
4149,368
13268,368
11054,368
14416,368
10875,395
6695,395
8323,395
14418,14417
14430,971
14419,971
10688,971
14421,971
14422,971
13124,971
10004,10921
14215,14423
13148,1342
14425,15088
14427,14426
14428,10680
10782,3289
6230,3289
398,11043
10571,11043
2611,11043
10576,11043
14429,11043
13157,11043
14431,11043
14432,11043
5458,11043
14433,11043
14434,11043
14435,11043
14775,11043
14438,11043
7994,11043
14752,11043
14440,11043
10067,11043
10084,4021
13144,4636
11021,10637
14444,10957
3558,10957
14445,10548
10622,13350
9461,13350
14203,6095
13836,10474
14446,10474
14447,10474
11055,10476
11400,10476
11399,10476
14448,10476
14449,6971
6816,7898
1855,10876
14237,10876
9242,10876
14451,11024
14452,11024
14453,11024
14454,11024
14455,11024
14456,11024
14457,11024
14458,9551
14459,9551
14460,10067
14461,10765
10931,395
10931,11043
14463,11404
14463,11405
14464,11404
14464,11405
14465,11404
14465,11405
14466,11404
14466,11405
14467,11404
14467,11405
2200,1342
2200,10947
14468,14233
14468,14232
10181,14233
10181,14232
14469,14233
14469,14232
10756,10755
10756,10758
14470,11043
14470,13854
14471,11043
14471,13854
9236,11043
9236,13854
14472,11043
14472,13302
14472,10683
14472,13854
10538,11043
10538,7898
14473,6097
14473,3236
4889,10474
4889,10476
13164,10474
13164,9551
14475,7597
14475,14474
11014,10796
11014,10795
14478,14476
14478,14477
636,7898
636,8835
14479,10541
14479,11409
14479,11410
14481,10541
14481,11409
14481,11410
14482,10541
14482,11409
14482,11410
10181,971
10181,13272
10181,10067
14483,11404
14483,11405
14483,11043
8323,11404
8323,11405
8323,10765
14484,13160
14484,13887
14484,13161
10775,14233
10775,14232
10775,11043
13125,11043
13125,13854
13125,13171
6735,14777
14783,14782
14781,14778
14314,11450
14784,11543
14786,14785
14787,11560
14788,4473
14790,14789
5197,14791
11536,11450
14792,11450
11432,11603
14349,11604
11546,11543
14795,14794
14797,17195
12849,14798
11542,14785
14801,11560
14802,11560
14804,14803
9600,11560
14806,4473
12874,11560
14808,14807
14810,14809
14812,14811
14814,14813
14815,15828
14816,4473
19055,14384
15071,14818
15071,12800
14821,14820
14823,14822
14824,14033
12954,1649
14826,1991
14828,14827
14830,14829
14831,1991
14833,14832
14834,14809
14830,11560
14835,14809
11698,14809
14836,14809
14837,14809
14838,14832
15073,14794
15073,15072
14841,1744
14843,14842
14844,14102
14845,14798
2101,14778
14846,11604
13450,8837
14364,14848
14850,5465
14851,14778
14852,14832
14853,14832
14854,14809
14855,14088
14857,14856
14063,10295
13450,14091
14859,14778
12859,11560
14860,1991
14862,14861
12791,4477
14863,14809
14864,14809
6484,17195
14865,11555
14867,14866
14866,14868
14870,14869
14872, REPUBLIC OF (KR)
14874,14873
14875,14873
14876,5267
12703,14794
12703,15072
14879,14878
14880,14777
14881,14873
14882,14873
11432,14883
14885,14884
5880,14884
12828,11450
5197,14791
14888,14887
14889,14878
14890,14884
14804,14803
14892,14891
6735,14893
14894,14871
14895,15828
14896,15828
15075,1775
15075,14897
12951,14899
14900,15828
14895,15828
14901, ISLAMIC REPUBLIC OF (IR)
14903,14902
14904, PROVINCE OF CHINA (TW)
14905,14873
14908,14907
14910,14909
14911,14778
14912,14778
14844,14102
13427,13433
14914,14893
14915,11605
14917,14916
15079,11603
15079,15078
14920,11450
14921,14856
14924,14893
14925,14778
14926,14778
14927,14778
14928,11604
14929,8519
14930,9600
14797,11605
14931,14873
14786,8519
14932,14778
14933,14873
14934,11543
14063,10295
14814,14813
14937,11604
14862,14861
14938,14778
14939,14778
14940,14873
14941,14818
14945,14944
14946,11604
14947,14873
10539,11043
10539,9429
10539,3575
14486,10957
14486,13180
14486,13123
10875,14487
10875,13180
10875,395
14489,6873
14489,3319
14489,14488
1057,13171
1057,13172
1057,10639
11391,10541
11391,11409
11391,11410
11391,10921
14491,10541
14491,11409
14491,11410
14491,7311
14491,10939
14491,14753
14413,368
10478,395
14498,395
14499,395
8323,395
14500,395
14523,14501
14435,10677
10082,11404
14502,11404
7949,1255
14505,13836
11155,10748
14503,10761
13267,10761
14504,13836
10776,13274
13836,3289
14506,3289
14507,3289
10782,3289
14508,3289
14509,3289
14510,3289
427,11043
10571,11043
13120,11043
14511,11043
14512,11043
14513,11043
13157,11043
14515,11043
14431,11043
14432,11043
14516,11043
14517,11043
14518,11043
14519,11043
14520,11043
14521,11043
7994,11043
10931,11043
14522,11043
14525,14524
14527,10639
10956,4706
14529,4706
14487,4706
14532,14530
7783,5921
2452,6467
14533,6562
11040,6562
14534,10474
14203,10474
14536,10476
14537,10476
13102,10476
14538,10476
14539,10476
14540,10476
14541,10476
14542,10476
14543,10476
10566,10476
3933,10476
14219,10476
14220,10476
14544,10476
14545,10476
14546,10476
14221,10476
14547,10476
14548,10863
14549,7898
6816,7898
16528,7898
13125,13171
9242,10876
14552,14551
13284,13180
14553,10769
11156,8589
14554,13976
14555,13976
14556,14250
13846,9551
14557,10859
13286,14558
10849,11028
10849,11029
10700,11404
10700,11405
14465,11404
14465,11405
14466,11404
14466,11405
11398,14559
11398,14560
14561,14233
14561,14232
11043,14233
11043,14232
14950,14233
14950,14232
10575,3289
10575,3559
14565,11043
14565,13302
14566,11043
14566,13302
14567,11043
14567,11042
14578,10953
14578,11415
14578,13976
14568,11043
14568,11042
10538,11043
10538,7898
9551,3559
9551,10770
11051,13172
11051,13171
14569,10541
14569,11409
14569,11410
14570,10541
14570,11409
14570,11410
16350,10541
16350,11409
16350,11410
14479,10541
14479,11409
14479,11410
14573,10541
14573,11409
14573,11410
8323,11404
8323,11405
8323,10765
13854,3575
13854,9429
13854,9230
3212,11043
3212,3575
3212,9429
10539,11043
10539,3575
10539,9429
11053,3559
11053,10770
11053,10860
4727,3559
4727,9551
4727,10860
14580,14579
14580,7317
14580,13976
14581,14579
14581,7317
14581,13976
14582,368
14582,10680
14582,11024
14582,14757
11391,10541
11391,11409
11391,11410
11391,10921
13205,14765
14766,12455
6859,13187
6859,12287
14965,12580
14774,14773
14949,14948
14979,13750
12082,12526
14955,14999
12626,12590
13227,14956
14960,14958
12751,3128
14979,12009
12698,14961
6859,14130
14962,3619
12698,3628
14963,12664
14966,14964
14967,4387
12698,13224
13226,12293
12465,14968
13769,13768
14969,12589
14971, ISLAMIC REPUBLIC OF (IR)
14972,12329
13188,14973
12645,12676
5958,12680
13269,12090
13195,13234
14776,6403
14770,12260
12377,12540
14981,14977
12669,13778
14984,15007
13798,13241
14986, ISLAMIC REPUBLIC OF (IR)
13816,12468
6932,12388
13188,15000
12593,15732
14987,12084
14989,14988
14989,14988
14989,14990
14989,14991
12714,12708
14992,12401
13816,11598
12669,13806
14115,14114
12539,12538
15013,12557
15014,12344
15015,13248
15016,3128
12698,3628
12698,15017
15019,15018
12669,12589
14774,12522
13230,13259
15057,15056
6859,12680
13188,15037
12698,15038
14979,15000
14148,12707
15041,15284
15041,9443
15042,9962
15044,15043
15049,15048
15052,15051
13802,12597
15082,15081
15086,14765
15089,15087
15092,625
14963,15005
15093,12602
14949,14948
14979,12630
15105,15104
14963,12632
15108,15107
15114,15113
15115,15012
15116,14999
7190,12526
14989,14990
14975,15117
18074,12590
15121,15120
15122,14956
15126,12464
12663,3460
15095,14130
12678,3628
15132,15131
15138,15137
12669,13224
15139,12349
5150,12669
12673,12672
15140,12584
15142,15141
15147,15146
15112,15148
15151,12329
15029,13228
15153,15152
12324,5920
15164,15163
15166,15165
9270,12682
12641,6403
15170,15263
14981,14977
15086,15174
12503,12112
15176,15175
15178,15177
15180,15179
6859,15181
15183,15182
15162,15184
15186,15185
14979,15187
15188,12468
15189,12079
15191,8539
12669,15000
15193,15192
13792,8842
15200,12084
15114,15284
15114,9443
15202,15201
12714,12708
15042,9962
15213,14150
15008,12597
15309,14758
14763,14758
14763,12028
15223,15087
15227,15226
14963,15005
12629,909
15231,15230
15086,15113
15086,12703
13249,12490
12429,15242
15127,14131
14963,12664
15223,15243
12195,15244
15045,12758
15245,15018
15246,13224
15248,15247
15248,15316
5150,12669
6859,12669
6859,5958
15251, REPUBLIC OF (KR)
15252,12522
12371,15148
15254,15253
15256,15317
15318,FORMOSA (TW) now TAIWAN
12592,15055
15153,15152
797,15259
15164,15163
15045,12682
13269,12090
12641,6403
15264,15263
15267,15725
15269,15268
15270,11692
15039,14977
15272,15271
15274,15273
15276,15275
15162,15184
15319,12388
12318,15732
15283,15320
15285,15284
15285,9443
15207,12091
15287,15286
15290,15289
16471,15298
15008,12597
15221,12755
15422,368
15424,11055
15425,10921
14435,10677
13278,1342
15426,14181
15331,15330
11155,10748
15332,10761
15333,13140
13280,14724
15334,3289
10680,368
14413,368
15362,368
15329,14181
8168,13140
15335,3289
15336,3289
10654,3289
14510,3289
398,11043
427,11043
10701,11043
15337,11043
10571,11043
15338,11043
10790,11043
11006,11043
15339,11043
15342,11043
15343,11043
15346,11043
15347,11043
15348,11043
7140,11043
15349,11043
13178,11043
13109,11043
15350,11043
14432,11043
14236,11043
10931,11043
15351,11043
15508,15389
15353,4018
15354,4021
15356,4021
15357,4021
2986,4021
15361,4021
15396,4021
13834,4021
13845,4021
15358,4021
15359,4021
1186,4021
15363,4021
11007,4806
15364,4806
15365,5510
14266,10548
13177,10548
15469,10548
15366,13350
15367,6467
14554,6562
15368,6562
11395,10474
15369,10474
10569,10474
14203,10474
15371,10474
15372,10474
15374,15373
11389,7597
15375,7977
13125,13171
1697,10876
14237,10876
11156,8589
15376,13976
15377,11024
3559,10860
15503,10860
14465,11404
14465,11405
14466,11404
14466,11405
15380,11404
15380,11405
15381,11404
15381,11405
15382,11404
15382,11405
15385,15384
15385,11043
10760,14233
10760,14232
10761,14233
10761,14232
15386,14233
15386,14232
15387,14233
15387,14232
15388,14233
15388,14232
15390,14233
15390,14232
15391,14233
15391,14232
15393,15392
15393,10860
15395,3289
15395,15394
15397,11043
15397,13854
15398,11043
15398,13302
15399,11043
15399,13302
10538,11043
10538,6816
10942,4375
10942,4401
15401,4806
15401,10703
11051,13172
11051,13171
13153,13172
13153,13171
15404,13136
15404,13154
13019,6562
13019,7977
971,13272
971,10067
4806,368
4806,13267
4806,11024
16350,10541
16350,11409
16350,11410
15405,10541
15405,11409
15405,11410
14573,10541
14573,11409
14573,11410
8323,11404
8323,11405
8323,10765
15408,14183
15408,15406
15408,15407
15411,3289
15411,15409
15411,15410
3212,11043
3212,3575
3212,9429
10539,11043
10539,3575
10539,9429
15414,11043
15414,15412
15414,15413
14529,11043
14529,4706
14529,10860
15415,11043
15415,13302
15415,13854
13276,3559
13276,10474
13276,9551
15416,3559
15416,10770
15416,10860
15503,3559
15503,10770
15503,10860
14525,15417
14525,15432
14525,15418
4727,10465
4727,3575
4727,9429
15458,10957
15458,13180
15458,13123
10575,11028
14412,368
15429,368
6571,368
10468,368
15431,368
15433,368
14178,368
15438,15434
10635,10843
15439,10921
14435,10677
13289,1318
15440,10748
13324,10748
11155,10748
15443,10680
15444,14560
10685,14560
11391,14560
11040,14560
15445,13140
15446,13140
398,3289
15447,3289
15448,3289
13836,3289
15449,3289
15450,3289
10712,3289
7949,3289
14416,3289
10786,4706
15455,15454
7783,5921
15456,13350
10622,13350
9461,13350
5458,13350
15457,13350
9461,13350
15459,6467
15460,6562
15461,10474
15462,10474
15463,10474
14203,10474
14299,10583
15464,10583
15465,10583
15466,10583
15467,13171
14237,10876
11156,8589
6504,8589
15468,13976
13930,13976
10792,14662
15470,9429
15471,9551
10688,13135
15472,13135
14202,10067
15473,10067
13350,15474
3559,10860
4727,11028
4727,10474
10084,368
10084,4021
16622,11404
16622,11405
13292,11405
13292,11404
15478,11404
15478,11405
15479,11404
15479,11405
15480,11404
15480,11405
10698,11404
10698,11405
15481,11404
15481,11405
15482,11404
15482,11405
15483,11404
15483,11405
15484,11404
15484,11405
14465,11404
14465,11405
14466,11404
14466,11405
15381,11404
15381,11405
15485,14233
15485,14232
15487,14724
15487,15486
15488,3511
15488,10859
395,3575
395,9429
15489,3575
15489,9429
6062,3575
6062,9429
10538,3575
10538,9429
13125,15490
13125,13171
15491,13325
15491,13171
3212,4636
3212,4889
10539,4636
10539,4889
14529,4706
14529,10860
13150,5064
13150,10067
1057,13172
1057,13171
11051,13172
11051,13171
1697,13172
1697,13171
9242,13172
9242,13171
14525,15418
14525,13976
13019,6562
13019,7977
15493,15492
15493,15795
971,13272
971,10067
15495,15494
15495,10229
15496,9551
15496,10860
15497,10067
15497,10859
10571,368
10571,10680
10571,11024
15498,10541
15498,11409
15498,11410
14481,10541
14481,11409
14481,11410
14573,10541
14573,11409
14573,11410
14432,10541
14432,11409
14432,11410
8323,11404
8323,11405
8323,10765
10953,15499
10953,11415
10953,13976
15502,15500
15502,15501
15502,14261
15412,14233
15412,14232
15412,10859
15448,3559
15448,10474
15448,9551
11053,3559
11053,10770
11053,10860
15503,3559
15503,10770
15503,10860
10359,11412
10359,13302
10359,15504
14492,10921
14492,14724
14492,13852
14492,13135
15507,14244
15507,14245
15507,10541
15507,11409
15507,11410
15507,10566
15507,9019
15507,7317
15507,11415
8323,13889
15510,15509
15511,13013
14589,13013
4727,13013
13038,13013
15512,13013
7996,13013
15513,13013
15514,13013
15515,13013
15516,10669
15517,10669
13986,10669
15518,10669
15519,10669
10979,10669
15520,10669
15521,10669
13055,10669
15522,1007
15523,1007
6924,1007
13334,1007
13389,1007
13332,1007
15524,13015
13016,13015
15525,13015
15527,15526
15529,15528
15530,13896
15531,2016
11086,2016
8323,2049
10669,13016
13899,11125
15533,15532
15534,2875
15535,2875
15536,2875
15537,2875
13023,10646
14173,10646
14726,14724
15538,3072
13903,3072
10875,3072
15540,3212
10597,3212
15541,3254
15542,3254
10654,10806
15543,3986
15544,11111
15545,11111
14196,10666
14203,4401
10610,4401
14605,4461
14665,4461
5308,4461
14271,4461
11131,4461
15547,4461
13048,4461
7400,4461
10978,4461
15548,4461
6062,10671
14730,13348
6393,13348
8764,13348
13928,13932
13914,13932
15549,13932
13022,13932
15550,13932
921,10889
13927,10889
5718,10889
13090,10889
6567,10889
9282,10889
15551,10472
971,5921
15552,5921
15554,15553
7045,15553
15555,14617
15556,14617
10901,14617
10979,14617
15557,14617
15558,14617
15553,14617
7783,14617
13982,6562
2796,6584
15559,13084
15560,10917
14584,10917
13362,10819
15561,7160
15562,10653
10651,10653
15563,7400
7290,7400
15564,7400
15566,15565
15567,13025
13013,15568
1487,11115
15569,10502
4719,14289
15570,15795
11156,8589
13979,13978
14716,14663
13328,14663
5458,13045
15571,13045
15573,14172
14292,10657
15574,10657
10539,10657
14270,10657
10999,10657
15575,10657
14721,10657
15576,10493
13932,11158
15577,10384
10538,13013
10538,10671
9289,10669
9289,3933
15578,10669
15578,7400
10487,10669
10487,7400
14002,10669
14002,7400
15579,10669
15579,7400
7994,10669
7994,7400
15581,13993
15581,15580
14004,14740
14004,13016
15582,10487
15582,14651
15583,14274
15583,10889
15584,13896
15584,13988
13067,14733
13067,14734
7631,13016
7631,13045
13053,14002
13053,15585
13998,13074
13998,4159
15587,14724
15587,15586
15588,3851
15588,4461
15589,3851
15589,4461
10904,4021
10904,4401
13992,11155
13992,10218
15590,4461
15590,7400
15591,4461
15591,13045
15592,4461
15592,13045
15594,13932
15594,15593
14649,13062
14649,13060
14624,10502
14624,10831
15595,15548
15595,10657
13908,10669
13908,3933
13908,10980
4324,10669
4324,3933
4324,10980
15596,10669
15596,3933
15596,7400
10302,10669
10302,3933
10302,7400
15597,10669
15597,10980
15597,7400
15599,13015
15599,13016
15599,15598
13892,13371
13892,6646
13892,15600
15603,15601
15603,15602
15603,14617
13019,2875
13019,11155
13019,8589
13995,2875
13995,13062
13995,13060
14172,4021
14172,4375
14172,4401
10991,10508
10991,10939
10991,10831
3212,494
3212,13371
3212,14005
3212,10657
13028,4461
13028,3851
13028,10592
13028,4862
8323,13889
9668,13889
15604,13013
15605,13013
15606,13013
15607,929
14655,14740
10685,1007
15523,1007
10996,13017
15609,15608
1856,13896
8323,2049
15611,15610
15613,15612
10487,13016
13908,13016
11152,13016
13899,11125
8398,15614
14004,14002
15615,2875
15616,13074
15617,3072
10875,3072
15618,3072
15619,3072
15620,3212
15621,14678
15622,3851
15623,3851
15624,11155
15625,11155
13067,11155
14203,4401
11391,4401
10610,4401
15626,4461
18807,4461
10622,10671
15628,10671
5529,10671
6062,10671
15630,15629
15631,13348
6393,13348
921,10889
10500,10889
5718,10889
13090,10889
6567,10889
15632,10889
971,5921
15633,5921
6019,13350
7045,15553
14618,14617
15634,14617
15635,14617
15636,14617
6436,6339
15559,13084
15639,10917
15463,10917
15640,15680
15641,15602
10829,7400
10302,7400
15642,10592
15643,8127
4719,14289
4371,15795
4727,8589
10718,14769
10878,14296
10879,14296
6764,14296
15644,15585
15645,10831
15647,15646
9461,13045
15648,10657
15649,10657
10539,10657
15650,10657
15651,13013
15651,3851
14650,13013
14650,13997
10538,13013
10538,10671
13058,921
13058,16709
15655,15653
15655,15654
7783,13896
7783,13988
15656,13016
15656,10657
15657,13074
15657,14663
13891,13074
13891,14663
15658,3851
15658,4461
10820,3851
10820,4461
15659,4402
15659,7400
13982,4461
13982,7400
7994,4461
7994,7400
9461,10671
9461,5921
15661,15660
15661,11140
2016,6393
2016,8764
15665,15662
15665,15663
15665,15664
15667,10880
15667,10542
15667,15666
15669,18812
15669,14596
15669,13074
15614,1811
15614,15670
15614,15671
15674,13896
15674,13988
15674,14617
3212,13371
3212,14005
3212,10657
15603,15601
15603,14617
15603,15602
11156,2875
11156,4021
11156,8589
13019,2875
13019,11155
13019,8589
14616,3212
14616,13084
14616,15676
15681,15677
15681,15678
15681,15679
15682,3851
15682,4461
15682,4401
15683,15660
15683,4976
15683,10904
15686,15081
15084,14758
15687,15087
15004,12455
13799,15688
15690,15689
15692,15691
14989,15693
15249,14773
15695,15694
12698,12630
15105,15104
7190,13750
12100,12083
12698,15113
12698,12703
15236,15699
15701,15700
15703,15702
18074,12590
15280,15704
13749,15705
15315,3628
15687,15243
12669,15018
12698,13224
15150,13737
5150,12669
15787,15711
15251, REPUBLIC OF (KR)
14111,12404
15147,15146
15714,12522
12435,15715
15717,15716
12698,15148
15718,15055
15719,12396
15153,15152
15714,12042
12324,5920
15162,5958
15721,15720
10460,13234
10460,12682
15724,15767
12503,12112
15274,15273
6859,15181
14111,15058
15162,15184
15695,15728
14979,15729
15731,15730
6859,15000
12318,15732
12698,15196
15733,9443
15708,9962
12698,9633
16471,15298
15252,15735
15722,15740
15741,15051
15714,12408
14760,14758
15001,14758
14763,14758
13261,12586
15147,12586
14760,14758
14761,14758
14762,14758
14763,14758
14764,14758
14767,13187
14770,13187
12697,12321
13263,12321
13190,12321
14771,12321
14772,12321
14147,12321
14776,12287
12236,12287
14951,13633
14952,13633
14953,13633
14954,12632
14978,12632
12649,12490
13249,12490
12684,3460
7190,3460
14974,5850
12743,5850
12431,5850
12378,5850
7190,5850
14975,6178
9270,6178
15025,12032
14143,12032
13582,12032
14982,12032
14983,12032
12296,12032
12201,12032
15070,12032
14985,12112
12748,12112
14993,9629
14994,9629
12027,9629
13767,9629
14161,9633
13813,9633
12289,9633
14996,9633
12382,14152
12379,14152
12748,14152
14153,12597
13802,12597
13257,13255
13256,13255
15021,13255
14997,13255
14998,12755
13247,12755
15002,12455
13747,12455
15003,12455
15004,12455
12697,12321
14147,12321
13190,12321
15006,12321
15008,12321
12699,12321
15011,12341
12272,12341
5150,13205
13206,13205
15054,4387
15020,4387
15022,4387
15023,4387
15024,13224
15026,13224
15028,13228
15029,13228
15030,15055
12592,15055
15032,15055
15033,15055
15063,13234
15064,13234
12692,13234
13263,15263
12551,15263
15045,9629
14994,9629
12027,9629
13767,9629
15046,9629
15047,9629
13252,9633
13813,9633
12379,14152
12710,14152
15039,14977
14981,14977
15083,14758
15084,14758
15001,14758
15085,14758
15085,12037
14763,14758
14763,12037
15083,14758
15083,12037
13747,12455
12454,12455
15004,12455
15090,12455
12660,12580
3027,12580
15091,12580
15094,12321
15095,12321
15096,12321
15097,12321
15098,12321
15099,12287
14963,12287
15098,12287
15100,12287
15101,12538
15102,12538
15103,12538
15109,13199
15110,13199
15111,13199
15112,13199
13770,12557
15013,12557
15112,12557
12100,3127
15123,3127
15124,12490
15125,12490
13249,12490
15127,14131
12378,14131
15125,14131
13227,14131
15103,14131
8564,3619
15128,3619
7190,12664
13772,12664
14963,12664
15129,12664
15130,12664
15133,3721
1418,3721
15086,15018
15134,15018
15135,4387
15136,4387
15143,12404
15144,12404
15305,12404
15145,12404
15149,15027
15150,15027
7190,5850
12378,5850
15155,5850
15306,5850
15157,5850
12435,5850
15158,5850
15159,5850
14137,15034
15160,15034
15161,15034
5150,5958
15162,5958
13269,12090
13799,12090
15168,12090
12286,12090
15169,12090
15171,12260
15172,12260
15173,12260
13676,12032
14143,12032
14123,12703
7190,12703
13263,15194
12231,15194
15195,15194
14867,12091
15206,12091
15207,12091
12364,12091
15169,12091
14138,12091
15211,9629
15045,9629
13799,9629
12027,9629
15241,9629
15046,9629
15212,9629
13767,9629
5958,9633
15214,9633
15308,9633
15216,15048
15217,15048
15218,14152
15219,14152
15220,12755
15221,12755
14772,12580
15224,12580
15225,600
14867,600
15228,12287
15229,12287
14963,12287
15099,12287
15191,12287
6859,12538
12539,12538
15102,12538
14978,12632
15232,12632
15233,12632
15311,12341
15312,12341
13749,12341
15236,15699
15044,15699
15237,12557
13770,12557
15313,14956
15122,14956
15228,15314
15240,15314
15042,3628
15315,3628
15144,12404
15249,12404
15260,5850
12621,5850
15261,5850
15219,5850
12669,5850
15262,5850
15162,5958
5150,5958
15086,12260
15265,12260
14979,15000
12669,15000
15002,15194
15279,15194
15280,15194
12231,15194
15281,15194
15282,15194
13792,16470
15288,16470
7425,9633
15292,9633
15324,9633
15293,9633
15294,9633
15295,9633
15045,9629
15211,9629
12027,9629
15241,9629
13227,9629
13767,9629
15296,9629
15212,9629
15297,9629
15086,15048
15049,15048
15300,15048
15301,15048
15217,15048
15302,15048
12710,14152
15303,14152
15322,15304
15323, PROVINCE OF CHINA (TW)
14772,12580
15212,12580
15225,600
14867,600
12236,12287
15094,12287
15228,12287
15124,12287
12231,12287
14963,12287
12539,12538
15101,12538
15102,12538
15696,12341
15697,12341
13207,12341
15311,12341
15698,12341
15108,12341
15237,12557
13770,12557
12669,14956
13767,14956
15240,15314
14963,15314
15707,15706
15708,15706
15127,14131
16782,14131
15138,14131
12378,14131
15124,12664
14963,12664
15162,12758
8858,12758
15710,12758
12669,12329
15687,12329
15261,5850
7190,5850
15155,5850
13227,5850
15219,5850
15124,15165
15722,15165
7190,12090
15203,12090
12286,12090
13269,12090
15207,12090
12364,12090
12641,6403
15262,6403
15264,15263
15723,15263
15265,12260
7190,12260
15267,15725
15726,15725
15281,15727
12669,15727
15734,16470
15288,16470
15210,16470
15217,15048
15042,15048
15719,14152
15736,14152
15096,14152
15738,15737
15739,15737
15253,12755
15221,12755
14889,14878
15808,15807
15809,15807
15811,15810
15812,1744
15813,15807
15814,15735
15816,15815
12798,12904
15075,1775
15075,14897
15821,12904
15823,15822
15824,15807
15825,15807
15826,15822
15827,15822
14895,15828
15830,14384
16833,15735
15832,15735
15837,15836
15839,14803
15840,14871
15841,15836
4736,15735
15842,14778
15843,14778
15844,14778
1260,1660
15846,15845
15846,11518
10185,11603
15847,15822
14921,14856
15848,11555
14814,14813
15849,14778
15851,15850
15853,15852
15854,14856
15856,15855
14928,15857
14928,15858
19055,14384
15859,14818
15861,11604
14063,10295
6135,14778
15862,15833
15863,14856
13427,13433
14928,15858
15865,15864
15866,15855
15867,15822
14933,15855
6735,15868
15871,14856
15872,14778
12956,8837
15875,10320
15876,15822
15877,15836
15878,14318
15880,9600
1649,15822
15881,15822
15882,14778
15883,15952
15884,15868
15885,15953
15886,15868
15887,15952
15888,14871
11546,11543
15889,15735
15890,14871
15892,14871
15893,1744
6735,15868
15895,14856
15896,15828
15897,15956
15898,4477
15899,15957
15075,1775
15075,14897
15901,15959
15840,14871
15902,15822
15903,15735
15763,15761
15763,15762
13427,13433
15905,15961
14928,15962
15906,15953
15907,15735
15908,15822
15909,15735
15910,15963
14077,15735
15912,15822
14063,15822
15913,15964
15913,15864
15914,15965
15915,15956
15917,14803
6158,15822
11536,8837
11563,15822
15919,15735
15921,15822
15923,15968
15924,15735
15925,15822
12791,4477
15771,15761
15771,15762
15928,15822
15929,1991
1649,15969
15930,15970
15931,15971
14851,14778
15932,14778
15933,14778
15934,14778
15935,14778
15936,14778
15937,14778
15938,14778
15939,14778
15940,14778
15941,14778
15849,14778
15942,14856
15943,14856
15944,14856
15945,14856
11653,14856
17127,14856
15947,14856
15948,14856
15949,14856
15950,14861
15772,15972
14814,14813
15873,14803
15781,11028
10955,11028
11052,10921
15782,10921
15783,10921
15784,10921
15785,10921
15778,10921
15788,10921
15789,10677
14435,10677
11155,10748
15790,11409
15792,15791
15793,10761
15794,13296
15797,13140
14471,14232
10957,14232
15798,14232
15799,10784
15448,3289
15800,3289
10575,3289
15463,3289
10849,3289
9551,3559
15802,4021
15979,4706
15980,4706
10622,13350
5458,13350
9461,13350
15981,6467
13156,14565
14256,6971
13159,7898
15984,7977
1057,13171
11051,13171
971,10876
2447,10876
10875,10876
10570,10876
14237,10876
13836,15795
15985,8589
15986,8589
15987,8589
15988,15433
15989,13135
15990,13135
13157,13135
15991,15453
15992,10859
10775,10859
8412,10859
13123,10859
15993,10859
15994,15475
15994,11410
15995,398
15995,10067
15996,398
15996,10067
3559,10746
3559,13272
15478,11404
15478,11405
15380,11404
15380,11405
15998,11404
15998,11405
4636,16000
4636,15062
16001,1318
16001,8589
16002,1318
16002,10067
16009,15501
16009,10955
11043,14233
11043,14232
14235,14233
14235,14232
16012,14233
16012,14232
16013,10755
16013,10758
4727,3289
4727,3559
7790,3289
7790,3559
16019,3575
16019,9429
5398,16020
5398,16021
16350,15490
16350,13171
3212,4636
3212,4889
10539,4636
10539,4889
16028,10957
16028,10859
16029,13172
16029,13171
13019,6562
13019,7977
16030,13272
16030,9551
13843,16031
13843,16032
16033,7898
16033,13171
11156,8589
11156,9551
10571,11024
10571,16034
13924,11003
13924,10641
13924,15431
7134,11003
7134,10641
7134,15431
16036,10541
16036,11409
16036,11410
16037,10541
16037,11409
16037,11410
14481,10541
14481,11409
14481,11410
14573,10541
14573,11409
14573,11410
14432,10541
14432,11409
14432,11410
16038,10921
16038,11409
16038,15391
8323,11404
8323,11405
8323,10765
10067,1318
10067,13272
10067,8589
14203,14181
14203,10769
14203,10768
398,10790
398,11016
398,16040
15782,10790
15782,11016
15782,16040
15503,3559
15503,10770
15503,10860
13817,15490
13817,13172
13817,13171
10576,10957
10576,13180
10576,13123
13853,10957
13853,13180
13853,13123
16044,16043
16044,10765
16044,14198
16046,16045
16047,15578
16048,13889
8323,13889
16049,14585
16050,15509
10539,13013
13936,13013
16051,13013
16052,13013
10877,13013
6393,921
16055,10728
8323,2049
13899,11125
16057,16056
8398,15614
14004,14002
16058,2875
10508,2875
18842,3072
11156,2875
13082,2875
10901,3072
16061,3851
16062,3851
16063,11155
5458,11155
14622,11155
6504,11155
16064,10666
10610,4401
16065,4461
16066,4461
16067,4461
10622,10671
9461,10671
14730,13348
8764,13348
16069,16068
15559,16068
16070,13932
3418,5455
971,5921
7045,15553
10979,14617
16071,13934
14696,15680
16072,13083
11154,15654
16073,10980
7994,7400
14721,7400
10302,7400
16077,16076
16079,15795
16019,16078
13013,15568
16083,8589
16084,8589
16085,8589
16087,14651
16088,14296
16090,16089
16091,16089
16092,10824
16093,10824
16095,15527
10974,18993
16097,18993
10971,18993
16098,18993
13979,13978
13328,14663
14716,14663
16101,16099
1487,10657
5722,10657
7790,10657
10512,10657
16102,13013
16102,13015
10538,13013
10538,10671
16105,1007
16105,4461
16106,11122
16106,16089
7783,13896
7783,13988
16108,15612
16108,6924
16110,13016
16110,14769
16111,15601
16111,14617
16112,2875
16112,3851
16116,16114
16116,16115
15614,16117
15614,15795
16118,11155
16118,6339
4727,11155
4727,8589
13980,4146
13980,16119
16121,16120
16121,14617
16124,4401
16124,10657
7045,15553
7045,10860
16125,6562
16125,15795
14732,10917
14732,10657
16129,13899
16129,18812
16129,11131
16132,13015
16132,15585
16132,10657
16135,16694
16135,3072
16135,16134
16136,2016
16136,6393
16136,8764
3212,13371
3212,14005
3212,10657
15603,15601
15603,14617
15603,15602
13019,2875
13019,11155
13019,8589
16138,10841
16138,16137
16138,14617
16139,16045
16140,15578
16141,15578
8323,13889
14649,13889
16142,15509
16143,13013
16144,13013
16145,14687
11154,921
16137,921
10522,1007
16147,13015
16148,13015
16149,13015
16150,13015
16151,13015
16152,13015
16153,13015
16154,13015
16155,13015
16156,13015
16157,13015
16158,UNITED STATES (US)
16159,13015
16160,13015
16161,13015
16162,13015
16163,13015
16164,13015
16165,13015
16166,13015
16167,13015
16168,13015
16169,13015
16170,13015
16171,11122
16091,11122
7783,13896
16175,14596
16176,1994
16177,13016
16178,11125
16179,15601
16180,15532
14717,14002
14004,14002
16181,2875
16182,2875
16183,2875
10508,2875
13067,2875
13991,2875
16184,2875
16185,2875
15587,14724
10901,3072
10875,3072
5458,3072
16186,3072
11151,16189
16078,16190
16191,3914
16193,16192
10600,4401
16189,4401
16195,16194
398,10671
14730,13348
13339,4976
16196,4976
10654,16197
3418,5455
16199,16198
16200,16198
7045,15553
10979,14617
16202,16201
16203,6393
16204,6562
16205,6562
16208,13084
16209,15680
16210,15680
16211,15680
16213,15680
16212,15680
16218,16217
16219,16217
16220,7400
14721,7400
16077,16076
15670,16078
16221,8031
16223,16222
16224,10904
16225,15795
9978,2903
9978,8646
16227,16226
16228,8589
4727,8589
15463,8589
11156,8589
10669,14769
16231,10553
13073,15593
16233,10824
16198,13978
16234,13978
16235,14727
16192,16236
16237,16236
16238,10657
14642,10657
1487,10657
16239,10657
10903,10657
13056,10657
13345,10657
10910,10657
15463,10657
7790,10657
13030,16240
13030,10646
16241,15578
16241,13896
16242,14687
16242,10803
16244,10670
16244,13015
16245,13896
16245,13988
16247,13896
16247,13988
16248,13896
16248,13988
16249,1994
16249,8589
16250,2466
16250,15680
13090,16251
13090,16252
15614,16117
15614,15795
16255,16253
16255,16254
5722,16192
5722,16256
16257,4146
16257,16119
13019,4375
13019,4401
13047,4401
13047,10657
10487,10803
10487,15654
16261,10917
16261,10657
8398,16263
8398,18993
16425,16045
16425,6393
16425,8764
10538,13889
10538,10671
10538,13013
14631,16265
14631,4461
14631,7400
16271,2875
16271,16269
16271,16270
16273,3072
16273,16078
16273,16272
16274,4401
16274,7400
16274,10657
14600,14172
14600,7977
14600,6562
16275,11003
11052,10921
10467,10921
15784,10921
14724,10921
10956,10921
16277,10921
15778,10921
15788,10921
14435,10677
16279,1318
11402,14181
11155,10748
16282,16281
16284,16283
11157,15614
6562,16285
14516,10700
14516,10700
16289,10700
16292,10700
16293,10700
16182,14242
14445,16294
16300,16299
14527,10639
7783,5921
10566,13350
16320,13350
16321,6467
16323,6562
14554,6562
16324,6562
5458,6562
16325,6562
16330,6562
16331,6971
10525,13272
16333,7570
16334,7570
15984,7977
1057,13171
15448,13171
971,16335
2447,16335
16337,16335
4577,16335
16338,16335
16339,10947
16340,8589
14242,9551
16343,13978
16344,15993
10775,10859
7513,10859
16346,16345
16346,10921
10849,11055
10849,14183
10700,11404
10700,11405
14516,11404
14516,11405
16347,11404
16347,11405
16348,11404
16348,11405
16349,11404
16349,11405
14466,11404
14466,11405
16351,10748
16351,16350
13854,10795
13854,10796
16353,14233
16353,14232
7790,3289
7790,3559
10875,15490
10875,10876
10539,4636
10539,4889
14529,4706
14529,10860
10997,13172
10997,13171
7146,13172
7146,13171
16363,6446
16363,6562
13019,6562
13019,7977
15507,14244
15507,14245
16367,10541
16367,11409
16367,11410
16368,10541
16368,11409
16368,11410
16369,10541
16369,11409
16369,11410
14573,10541
14573,11409
14573,11410
16370,10541
16370,11409
16370,11410
16379,11404
16379,10755
16379,10758
8323,11404
8323,11405
8323,10765
10067,1318
10067,13272
10067,8589
14203,14181
14203,10769
14203,10768
16380,14426
16380,3400
16380,6562
16381,14494
16381,15386
16381,13819
398,10790
398,10791
398,10792
16350,10541
16350,11409
16350,11410
16350,15490
16350,13171
16389,10541
16389,11409
16389,11410
16389,10755
16389,10758
16389,15062
16391,16390
15686,15081
16392,14758
15004,12455
16394,12580
15303,12580
15224,12580
17977,12580
16401,12580
16397,12580
16398,12580
16399,12580
15275,12580
15225,600
16402,15691
15210,16403
16404,16403
16405,16403
16406,16403
15039,12287
12236,12287
3121,15010
15086,16407
14154,12630
16408,12538
15102,12538
12539,12538
16410,12538
15741,12538
16411,12538
15101,12538
16412,12538
15105,15104
15285,15113
15285,12703
15108,12341
13749,12341
15311,12341
16413,12341
12478,12341
7190,12526
16414,12693
16416,16415
14145,16415
16418,16417
16419,16417
15236,16420
13770,12557
15221,12557
15714,12557
16421,12557
16421,12490
15086,16422
15687,14956
13767,14956
15240,15314
15280,15704
16424,16423
16402,15706
15086,16426
12435,12428
12378,14131
15147,14131
15127,14131
15138,14131
12371,16427
12538,3628
15315,3628
15285,15243
16429,16428
16430,16428
16431,16428
15045,12758
16811,12758
16433,12758
15086,16434
16402,15018
16429,4387
14979,13763
15086,13763
16435,13224
15150,15189
5150,12669
15086,16436
16402,12404
16437,12522
16439,16438
15717,15716
16402,15148
15086,16440
15256,15317
16441, PROVINCE OF CHINA (TW)
16443,16442
16444,16442
15687,12329
15285,12329
15262,12329
16419,16446
12592,15055
15153,15152
797,15259
15086,16447
14979,16448
15155,5850
12662,5850
15095,5850
15690,5850
15261,5850
15084,5850
16451,16450
16452,16450
12324,12281
14137,15034
5150,5958
15164,15163
15186,16453
15045,12682
12364,12090
16454,12090
13269,12090
12641,6403
13227,15038
15086,16455
16457,16456
16457,15728
15251, REPUBLIC OF (KR)
16460,16459
16461,12032
12503,12112
15272,15271
12663,12691
16462,15273
15274,15273
15281,15727
15086,16463
16464,15275
15695,15728
12195,15728
16402,15729
15188,12468
16466,12468
16402,15000
13187,15196
16467,15196
16468,15196
16419,16469
15283,15320
15285,9443
13792,16470
15288,16470
16471,15298
15049,15048
15217,15048
15301,15048
15042,15048
12629,15735
15096,14152
16473,16472
16424,16474
11046,10786
16475,15338
16476,11055
16477,11055
10467,10921
15784,10921
14724,10921
15778,10921
15788,10921
16479,10921
16480,10921
16482,1318
10530,13880
16484,16483
16485,15440
16486,10748
10758,13284
1318,13296
16489,13296
14547,13296
15445,13140
10922,10784
14231,10784
9551,3559
16492,16306
16495,16494
14481,15490
10619,11010
16502,4636
14482,4706
14457,16511
16512,4889
16513,13932
16514,13932
13152,13932
16515,13932
10901,16197
16518,16517
7783,5921
16519,14481
13177,10548
16520,6467
16521,6562
13164,6562
16509,16525
13019,10583
16526,13297
6816,13297
16528,13297
16530,16529
15984,7977
16531,13171
1057,13171
16532,10876
16533,10876
2447,10876
16534,10876
3289,10876
16535,10876
15469,10876
16536,10876
14237,10876
13275,10939
16537,10939
14478,10947
16538,15795
16539,9298
10777,10530
14510,11024
7994,13135
11047,10067
16542,10067
14190,10067
11048,10067
14192,10067
16543,10067
16544,10067
14251,10859
3559,10860
16549,11404
16549,11405
14226,11404
14226,11405
14466,11404
14466,11405
13821,11404
13821,11405
16550,11404
16550,11405
16551,11404
16551,11405
16553,11404
16553,11405
16554,11404
16554,11405
13919,11404
13919,11405
15991,10795
15991,10796
15397,14233
15397,14232
16559,14233
16559,14232
16560,14233
16560,14232
16561,14233
16561,14232
14468,14233
14468,14232
16566,10755
16566,10758
16567,10755
16567,10758
16569,10755
16569,10758
16571,10755
16571,10758
16572,10755
16572,10758
10528,16573
10528,10575
6186,10700
6186,13325
14455,3575
14455,9429
16576,3575
16576,9429
10538,3575
10538,9429
13125,15490
13125,13171
3212,4636
3212,4889
10539,4636
10539,4889
13841,4636
13841,4889
10997,13172
10997,13171
7146,13172
7146,13171
10654,13172
10654,13171
16584,6467
16584,10939
16591,11404
16591,11405
16591,14466
8323,11404
8323,11405
8323,10765
11155,10748
11155,16592
11155,11049
398,10790
398,10791
398,10792
16593,10795
16593,10796
16593,13180
15503,3559
15503,10770
15503,10860
13151,3575
13151,5064
13151,9429
16596,3575
16596,8589
16596,9429
14544,3575
14544,9429
14544,9551
14545,3575
14545,9429
14545,9551
16597,3575
16597,9429
16597,9551
16598,3575
16598,9429
16598,9551
16350,15490
16350,13171
16350,10860
16601,15454
16601,10583
16601,16600
13299,16602
13299,16603
13299,16604
15507,11415
15507,7317
15507,13976
10844,16610
10844,10639
10844,10548
10844,15795
5458,16611
5458,10749
5458,16612
5458,16613
16617,16614
16617,15629
16617,16616
16617,16618
971,11404
971,11405
971,10876
971,13272
971,10067
16140,15578
8323,13889
3289,10822
14589,13013
10539,13013
16625,13013
5458,13013
16626,13013
11154,921
6393,921
16629,1007
16076,10670
16630,13015
13016,13015
16631,13015
13893,13015
14595,13015
15584,16632
16633,11122
16091,11122
4417,18812
16636,13896
16637,13896
16176,1994
11053,16638
11139,16638
14592,13016
16639,15601
8398,15614
16640,14661
16641,14002
14004,14002
16642,14002
14286,2875
16884,2875
16644,2875
10508,2875
16645,2875
11078,2875
16647,3072
10901,3072
16648,3254
10828,3254
14304,16306
15516,16192
16649,16192
16652,16651
11391,4401
16653,13053
16195,16194
398,10671
16654,13348
14730,13348
16656,13348
16019,13348
16657,13348
16658,13348
8764,13348
11082,4785
16659,16048
16660,16142
14689,13932
16661,13932
16662,13932
10654,16197
971,5921
16665,5921
15531,5945
16666,6019
7045,15553
11066,14617
16667,14617
16668,14617
16669,14617
16671,16670
16208,13084
16673,16672
3436,13996
16674,7317
10830,7400
11070,7400
15519,7400
16676,7400
7994,7400
6504,16589
16677,10583
16678,10948
13343,7977
16177,16679
16680,15795
16681,15795
4727,8589
15463,8589
16683,8589
9551,8589
16684,14769
13019,14296
16687,16686
16689,16688
16690,14250
16691,9551
11142,10831
10645,10831
16693,10831
14624,10831
16694,13978
16695,13978
16697,16696
16700,14172
16701,10657
16702,10657
1487,10657
5722,10657
16703,10657
15575,10657
13370,10657
3559,10860
16708,16706
16708,16707
10538,13013
10538,10671
7783,14687
7783,13896
3955,921
3955,16709
16710,921
16710,16709
13037,921
13037,16709
10918,921
10918,16709
16711,13015
16711,3851
10670,13896
10670,13988
16714,15601
16714,14617
16715,14002
16715,10657
16716,2875
16716,8589
11156,2875
11156,8589
11052,13074
11052,13084
16717,13074
16717,14663
2693,3072
2693,13348
10979,3072
10979,13348
13022,16189
13022,16718
16719,4146
16719,16119
16720,4146
16720,16119
16722,10666
16722,10657
16045,13348
16045,16657
5718,13348
5718,16657
16725,16723
16725,16724
16726,13932
16726,10521
16727,14617
16727,15602
16728,13996
16728,10657
16220,7400
16220,10657
16731,13461
16731,16730
16731,3212
16732,921
16732,10904
16732,10657
2004,16733
2004,14284
2004,10660
16735,13015
16735,15592
16735,10657
16736,11122
16736,11000
16736,11161
16738,13896
16738,13988
16738,10948
3212,13371
3212,14005
3212,10657
16739,15612
16739,6924
16739,14677
16741,16740
16741,16730
16741,15680
16742,13910
16742,15660
16742,11140
16743,16192
16743,15602
16743,14250
16745,16723
16745,16724
16745,16744
16746,16723
16746,16724
16746,16744
16397,16751
16753,16752
14763,14758
14763,12028
16755,16754
16402,15691
16761,12602
12437,14773
16811,16764
15086,16407
14154,12630
16402,12693
16768,16767
16773,16772
16775,16774
15236,16420
16777,16776
13770,12557
16402,16422
15240,15314
16778,13208
16779,12490
15280,15704
15212,15706
15086,16426
12435,12428
15127,14131
16780,3619
15714,12664
15687,16785
16402,15018
16788,16787
16429,4387
15086,16436
16402,12404
16796,12522
16402,16438
15315,12466
15086,16440
16859,5492
15687,12329
12503,13228
16797,12042
16402,16448
14137,15034
16804,16803
16402,16453
3121,13232
15124,15165
16811,16810
9270,12682
12641,6403
15086,16455
14143,12032
16814, ISLAMIC REPUBLIC OF (IR)
16397,16815
15274,15273
16402,15727
15139,15058
15162,15184
15282,15185
12437,12703
16424,16816
16819,16818
16471,15298
16825,16824
15096,14152
16851,15737
16853,16852
15322,15304
15138,12755
16858,14773
16756,12580
16393,12580
16757,12580
16758,12580
15212,12580
14772,12580
16397,12580
16410,12580
13227,12580
16811,12580
16759,12580
16401,12580
16760,600
15225,600
15086,16403
15294,16403
16762,16403
16763,16403
12324,12287
12236,12287
15269,12287
16408,15104
15105,15104
16765,15104
14975,13197
12019,13197
15108,12341
13749,12341
15311,12341
15698,12341
9270,12341
7190,12526
16811,12526
16769,16415
16770,16415
17985,16415
15687,14956
13767,14956
12371,16427
16781,16427
16782,16427
16783,16427
16784,16427
12538,3628
12318,3628
15101,3628
15162,12758
16433,12758
16786,12758
16789,13763
15086,13763
15124,13763
12371,12669
5150,12669
8858,16795
15281,16795
15086,16447
14972,16447
15093,5850
15705,5850
15095,5850
16799,5850
7190,5850
15261,5850
13754,5850
15084,5850
16800,16450
16801,16450
16451,16450
16802,16450
12371,5958
5150,5958
15162,5958
15164,15163
16808,15163
16809,15163
13269,12090
15124,12090
16812,12090
16397,15263
16813,15263
15194,15263
15219,15263
15264,15263
15086,15000
18074,15000
13187,15196
16817,15196
15124,15196
15752,15196
15733,9443
6875,9443
13792,16470
15288,16470
16820,15048
15086,15048
15217,15048
16821,15048
16822,15048
16823,15048
16826,15735
16827,15735
16828,15735
16829,15735
16830,15735
16831,15735
13230,15735
16832,15735
16833,15735
16834,15735
16835,15735
16836,15735
16837,15735
16838,15735
15252,15735
16839,15735
16840,15735
16841,15735
16842,15735
5718,15735
12281,15735
13840,15735
16843,15735
16844,15735
16845,15735
11413,15735
16846,15735
12272,15735
16847,15735
16848,15735
16849,15735
16850,15735
12703,15836
16942,14384
16944,16943
16945,16943
16946,16943
16947,16943
16949,16948
16951,16950
16952,14881
16952,16953
11546,11543
7071,17231
12762,11601
16958,14370
14928,14785
16959,14370
16960,14370
16961,UNITED STATES (US)
16963,16962
14804,14803
16966,16965
15905,15961
5880,14370
16967,15822
16968,16943
16969,14370
16970,15735
16971,14778
16972,14384
16973,14370
16974,16962
4736,15735
16975,11464
16976,14778
16977,14778
16978,14856
15844,14778
14818,16950
17226,15735
16982,15735
16983,15735
16984,14856
16985,15822
15075,14897
16987,15822
15865,15864
14821,15735
16989,14370
16990,14856
15846,14785
16991,15822
16992,15822
15849,14778
7846,11464
15901,15959
16995,14778
16996,11604
16997,11464
1649,15969
6735,15868
17000,14384
16987,15822
17001,14384
17003,17002
17004,1991
17004,15972
15840,14871
15917,14803
17006,17005
14063,15822
17007,14370
17012,15735
17013,14384
17014,14384
17015,14370
17017,17008
17017,17010
17019,17008
17019,17010
17020,15822
17022,17008
17022,17010
16972,17023
14371,17024
17027,17008
17027,17010
5197,17028
17029,14370
17031,17030
17033,17032
17036,14778
15865,17037
15882,14778
17039,17038
17041,17008
17041,17010
15763,15761
15763,15762
17044,15822
13427,13433
17046,14944
17047,15822
17049,3269
17050,15952
17051,15850
12956,8837
17053,17052
17055,17054
17057,17056
17059,17058
17061,1432
17062,1432
14403,9058
7846,1432
17064,1432
17065,1432
17067,17066
13442,17068
17070,9058
7071,9058
12798,9058
14888,9058
17071,9058
6735,11704
17076,17075
17078,17077
17079,15822
17080,9058
17081,9058
407,15822
17083,9058
17084,9058
17086,17085
17087,15822
17088,9058
15763,15761
15763,15762
17089,9058
7824,9058
17090,9058
13399,17085
17092,17058
17093,15822
17094,17085
17095,17077
15884,9058
17096,15822
17097,9058
14818,17098
17100,17099
17101,17085
16982,15735
17102,17099
17004,17058
17103,16943
17104,15822
17105,9058
15917,14803
17106,9058
17108,17107
17109,9058
1649,9058
17110,9058
11696,17058
17111,17099
15075,14897
17115,17114
17117,17116
17118,9058
17121,17058
17122,15822
17123,9058
17124,16943
17125,15822
17126,17058
17127,17058
17128,9058
17129,14856
17130,17058
17132,17131
17133,9058
589,11541
17134,17058
17135,15822
17135,17058
17137,17136
17137,17072
17138,17058
17139,9058
17140,17058
17103,16943
17144,17058
8485,17058
17146,11541
17147,17058
17148,9058
17149,17058
17150,17141
17151,17058
17152,17058
17153,17099
17154,9058
17157,17058
17159,11512
12969,17058
17160,16943
17161,9058
13427,13433
17162,15972
17163,15822
17164,15822
17165,15822
17166,14856
17167,17058
5880,17168
17169,14856
17035,15735
14065,17058
17171,14856
17172,17058
17173,9058
17174,17058
17175,15822
17176,17058
17127,17058
18773,17058
14087,17058
17178,17058
17179,17099
17180,15822
17181,17058
17182,17058
17183,15822
17184,17058
17185,17099
17186,17058
17187,16943
17188, UNITED REPUBLIC OF (TZ)
17190,17189
1659,17058
17191,17058
17192,15972
17194,15972
17196,17195
17198,17197
15840,14871
17199,15822
17200,17058
8818,9058
5546,16950
17201,17058
17205,17058
12001,17058
17206,17099
17207,17099
17208,17099
15950,17209
17210,15898
15764,15972
14063,4477
17011,1660
16972,14384
17213,15822
17217,17058
17218,17116
17219,9058
14077,15735
17221,17220
17223,17222
17225,15807
17227,17226
14934,11543
17232,17231
17230,7125
17234,17233
17236,17235
17237,17235
17240,17235
17241,17235
1649,17235
17243,LIBERIA (LR)
17244,17235
14328,11543
17246,16943
15865,17037
17190,17231
15763,15761
15763,15762
12798,9058
17249,17235
17070,9058
17250,17231
17108,17107
17251,17231
17080,15822
17159,11512
17253,15822
16982,15735
17255,15735
15924,15735
17256,15735
3230,15822
15840,14871
13427,13433
17259,17258
15075,14897
15764,11555
17262,15822
17263,15822
17264,15822
18699,15735
17266,17235
16978,15822
17267,15822
17044,17268
17269,17235
17269,17270
16982,17235
17271,15822
17272,15735
407,15822
407,15962
17283,14794
17284,15850
17285,7907
17286,17222
17288,17287
17198,17197
17115,17114
17290,17289
17291,15822
17293,17292
12956,8837
12956,17294
17295,17222
17036,15822
17296,17231
17297,17116
17298,14031
17079,15822
17299,15972
17300,9058
17218,15822
17301,17235
17302,11541
15865,17258
17306,17305
17307,15822
17308,15822
17309,17235
5880,8837
5880,17294
17310,17289
17311,14098
17035,15735
15865,17258
16972,17235
12955,8837
17312,17231
17313,15822
17316,17222
17322,14803
17324,17323
